id,title,url,coding,movie
1l35m0g,the mid credit scene ruined sinners for me,https://reddit.com/r/moviecritic/comments/1l35m0g/the_mid_credit_scene_ruined_sinners_for_me/,plot discussion,sinners
1owi0f0,Avatar: Fire and Ash VS Wicked: For Good VS Zootopia 2,https://reddit.com/r/movies/comments/1owi0f0/avatar_fire_and_ash_vs_wicked_for_good_vs/,comparison,wicked: for good
1p46i6j,Wicked: For Good Review,https://reddit.com/r/moviereviews/comments/1p46i6j/wicked_for_good_review/,reviews,wicked: for good
1klnl1g,Sinners (2025) A Review,https://reddit.com/r/moviecritic/comments/1klnl1g/sinners_2025_a_review/,reviews,sinners
1o30gma,"Two of the best scores/soundtracks of the year, Tron: Ares by Nine Inch Nails and Sinners by Ludwig G√∂ransson. Which one do you think is the best, and which one has a chance of winning the Oscar?",https://reddit.com/r/moviecritic/comments/1o30gma/two_of_the_best_scoressoundtracks_of_the_year/,comparison,sinners
1ocqvv4,"‚ÄòSinners‚Äô Submits Two Original Songs for Oscars, ""I Lied to You"" &amp; ""Last Time (I Seen the Sun)""",https://reddit.com/r/movies/comments/1ocqvv4/sinners_submits_two_original_songs_for_oscars_i/,box office & industry,sinners
1oh8nhy,"Hot take - Sinners was a good movie, but not great",https://reddit.com/r/Cinema/comments/1oh8nhy/hot_take_sinners_was_a_good_movie_but_not_great/,reviews,sinners
1otdcpy,Predator Badlands | Film Review,https://reddit.com/r/FIlm/comments/1otdcpy/predator_badlands_film_review/,reviews,predator: badlands
1km5t0b,A Noobs Review... SINNERS,https://reddit.com/r/moviecritic/comments/1km5t0b/a_noobs_review_sinners/,reviews,sinners
1oy5vei,"Ryan Coogler on Why He Was Compelled To Make The Wholly Original ‚ÄòSinners‚Äô Before Revisiting Franchises, Confirms Next Movie is ‚ÄúBlack Panther 3‚Äù",https://reddit.com/r/movies/comments/1oy5vei/ryan_coogler_on_why_he_was_compelled_to_make_the/,cast & crew,sinners
1kz6ed8,I personally don't hop on Letterboxd hype-train usually... but Sinners was one of the few experiences I actually did.,https://reddit.com/r/Letterboxd/comments/1kz6ed8/i_personally_dont_hop_on_letterboxd_hypetrain/,reviews,sinners
1k4o61c,"April 18-20 Box Office Recap: 'Sinners' opens with a fantastic $48 million domestically, making it the best opening for a live-action original film in years. Meanwhile, 'A Minecraft Movie' crosses $700 million worldwide.",https://reddit.com/r/movies/comments/1k4o61c/april_1820_box_office_recap_sinners_opens_with_a/,box office & industry,sinners
1k8qc3g,Does anyone else feel like the post credits scene of ‚Äúsinners‚Äù was contradictory?,https://reddit.com/r/FIlm/comments/1k8qc3g/does_anyone_else_feel_like_the_post_credits_scene/,plot discussion,sinners
1lo9v7t,New Image from Dan Trachtenberg's 'Predator: Badlands',https://reddit.com/r/movies/comments/1lo9v7t/new_image_from_dan_trachtenbergs_predator_badlands/,release & distribution,predator: badlands
1ozro3s,"With ""Wicked: For Good"" coming out this week, which possible musical film adaptations would you like to see made in the future with Cynthia Erivo and Ariana Grande together again?",https://reddit.com/r/movies/comments/1ozro3s/with_wicked_for_good_coming_out_this_week_which/,cast & crew,wicked: for good
1l97j0n,Non African American Viewers Keep Saying ‚ÄúSinners‚Äù Was Just Okay &amp; Here‚Äôs What They‚Äôre Missing,https://reddit.com/r/Cinema/comments/1l97j0n/non_african_american_viewers_keep_saying_sinners/,reviews,sinners
1mdaiqf,NUREMBERG | Official Teaser (2025),https://reddit.com/r/movies/comments/1mdaiqf/nuremberg_official_teaser_2025/,release & distribution,nuremberg
1p3h6qh,Did anyone find Nuremberg funny?,https://reddit.com/r/FIlm/comments/1p3h6qh/did_anyone_find_nuremberg_funny/,reviews,nuremberg
1p3vt4j,Wicked For Good - ‚≠êÔ∏è 1/2,https://reddit.com/r/Letterboxd/comments/1p3vt4j/wicked_for_good_12/,reviews,wicked: for good
1oysgkv,Predator: Badlands and Frankenstein have joined this oddly specific list,https://reddit.com/r/Letterboxd/comments/1oysgkv/predator_badlands_and_frankenstein_have_joined/,cast & crew,predator: badlands
1ohbiku,The Nuremberg trailer dropped .. feels different from what I expected,https://reddit.com/r/flicks/comments/1ohbiku/the_nuremberg_trailer_dropped_feels_different/,release & distribution,nuremberg
1oem9gq,‚ÄòPredator: Badlands‚Äô | IMAX¬Æ International Trailer,https://reddit.com/r/movies/comments/1oem9gq/predator_badlands_imax_international_trailer/,release & distribution,predator: badlands
1lxsgj3,Sinners... Wasn't that good [spoilers],https://reddit.com/r/Cinema/comments/1lxsgj3/sinners_wasnt_that_good_spoilers/,plot discussion,sinners
1l76lvz,Sinners': Michael B. Jordan Becoming the Smokestack Twins - Behind the Scenes,https://reddit.com/r/movies/comments/1l76lvz/sinners_michael_b_jordan_becoming_the_smokestack/,production,sinners
1p46g64,"Box Office: ‚ÄòWicked: For Good‚Äô Takes Flight With Huge $68.6 Million Opening Day, Soaring to Second-Biggest Debut of 2025",https://reddit.com/r/Letterboxd/comments/1p46g64/box_office_wicked_for_good_takes_flight_with_huge/,box office & industry,wicked: for good
1lhkron,28 Years Later - Does for Zombie Movies What Sinners Did For Vampire Movies,https://reddit.com/r/moviereviews/comments/1lhkron/28_years_later_does_for_zombie_movies_what/,comparison,sinners
1oocm6c,Predator: Badlands' - Review Thread,https://reddit.com/r/movies/comments/1oocm6c/predator_badlands_review_thread/,reviews,predator: badlands
1kq1at1,Are there snakes in Sinners?,https://reddit.com/r/flicks/comments/1kq1at1/are_there_snakes_in_sinners/,plot discussion,sinners
1l2x624,I made a Sinners video essay!! Let me know what you guys think of my takes.,https://reddit.com/r/moviecritic/comments/1l2x624/i_made_a_sinners_video_essay_let_me_know_what_you/,reviews,sinners
1ktw9ky,Sinners,https://reddit.com/r/flicks/comments/1ktw9ky/sinners/,reviews,sinners
1k62ukd,Predator: Badlands | Official Trailer,https://reddit.com/r/movies/comments/1k62ukd/predator_badlands_official_trailer/,release & distribution,predator: badlands
1mf3zg5,Fake Hollywood Reports: Proximity Media has announced a Sinners 2 directed by Michael Bay &amp; Raja Gosnell.,https://reddit.com/r/Cinema/comments/1mf3zg5/fake_hollywood_reports_proximity_media_has/,box office & industry,sinners
1ohbg2x,Thoughts on the Nuremberg trailer?,https://reddit.com/r/FIlm/comments/1ohbg2x/thoughts_on_the_nuremberg_trailer/,release & distribution,nuremberg
1m8j8x3,The Fantastic Four: First Steps - Marvel still stuck in its ways?,https://reddit.com/r/flicks/comments/1m8j8x3/the_fantastic_four_first_steps_marvel_still_stuck/,reviews,fantastic four: first steps
1l9mb1t,Sinners - A Film That Dares You To Feel,https://reddit.com/r/moviereviews/comments/1l9mb1t/sinners_a_film_that_dares_you_to_feel/,reviews,sinners
1o1f1x1,NUREMBERG | Official Trailer #1 (2025),https://reddit.com/r/movies/comments/1o1f1x1/nuremberg_official_trailer_1_2025/,release & distribution,nuremberg
1kd9rn3,Sinners made me cry.,https://reddit.com/r/Letterboxd/comments/1kd9rn3/sinners_made_me_cry/,reviews,sinners
1k9pdvo,Does anyone else feel the trailer for Sinners gave away WAY TOO MUCH from the movie?,https://reddit.com/r/moviecritic/comments/1k9pdvo/does_anyone_else_feel_the_trailer_for_sinners/,release & distribution,sinners
1p5woeu,"November 21-23 Box Office Recap ‚Äì 'Wicked: For Good' opens with a fantastic $147M domestically and $223.1M worldwide, the biggest ever debut for a Broadway musical. 'Rental Family' opens with an okay $3.3M, while 'Sisu: Road to Revenge' underwhelms with $2.4M.",https://reddit.com/r/movies/comments/1p5woeu/november_2123_box_office_recap_wicked_for_good/,box office & industry,wicked: for good
1kida92,Sinners movie review,https://reddit.com/r/moviecritic/comments/1kida92/sinners_movie_review/,reviews,sinners
1kdkvj1,What‚Äôs the boldest thing Sinners does that actually pays off?,https://reddit.com/r/Letterboxd/comments/1kdkvj1/whats_the_boldest_thing_sinners_does_that/,plot discussion,sinners
1ori8wr,About Predator: Badlands,https://reddit.com/r/moviecritic/comments/1ori8wr/about_predator_badlands/,reviews,predator: badlands
1kvobvc,Sinners Review,https://reddit.com/r/moviecritic/comments/1kvobvc/sinners_review/,reviews,sinners
1k66mgk,"With the Predator Badlands trailer hyping me up, what else fits this?",https://reddit.com/r/Letterboxd/comments/1k66mgk/with_the_predator_badlands_trailer_hyping_me_up/,comparison,predator: badlands
1nd5ho3,Finally watched Sinners(2025) and I don't really understand the overwhelming praise,https://reddit.com/r/Cinema/comments/1nd5ho3/finally_watched_sinners2025_and_i_dont_really/,reviews,sinners
1k86qn9,Does anyone else feel like the post credits scene of ‚Äúsinners‚Äù was contradictory?,https://reddit.com/r/moviecritic/comments/1k86qn9/does_anyone_else_feel_like_the_post_credits_scene/,plot discussion,sinners
1orq0xh,"26th Newport Beach Film Festival winners: CHRISTY wins Best Feature and Actress (Sydney Sweeney), THE SECRET AGENT‚Äôs Wagner Moura wins Outstanding Actor, NOC gets Outstanding International Feature, SINNERS wins Outstanding Original Score, FRANKENSTEIN gets Cinematography &amp; More",https://reddit.com/r/Letterboxd/comments/1orq0xh/26th_newport_beach_film_festival_winners_christy/,box office & industry,sinners
1ohxv9b,‚ÄòPredator: Badlands‚Äô | Weyland-Yutani Returns,https://reddit.com/r/movies/comments/1ohxv9b/predator_badlands_weylandyutani_returns/,plot discussion,predator: badlands
1ki1f4a,Sinners,https://reddit.com/r/moviereviews/comments/1ki1f4a/sinners/,reviews,sinners
1nf75px,Can 'One Battle After Another' Beat 'Sinners' at the Oscars?,https://reddit.com/r/movies/comments/1nf75px/can_one_battle_after_another_beat_sinners_at_the/,box office & industry,sinners
1k581f0,"I‚Äôm not a Sinners hater, but how is it all the way up here üò≠",https://reddit.com/r/Letterboxd/comments/1k581f0/im_not_a_sinners_hater_but_how_is_it_all_the_way/,reviews,sinners
1k68h3q,Sinners film review,https://reddit.com/r/Letterboxd/comments/1k68h3q/sinners_film_review/,reviews,sinners
1mpmjno,Two of the Best Films of the Year so Far Are Sinners and Weapons - Which Did You Enjoy More?,https://reddit.com/r/moviecritic/comments/1mpmjno/two_of_the_best_films_of_the_year_so_far_are/,comparison,sinners
1oyfdfs,"""Nuremberg"" Review ‚Äî¬†Mostly Misses the Mark",https://reddit.com/r/Cinema/comments/1oyfdfs/nuremberg_review_mostly_misses_the_mark/,reviews,nuremberg
1n1ngne,Nuremberg | Official Teaser #2,https://reddit.com/r/movies/comments/1n1ngne/nuremberg_official_teaser_2/,release & distribution,nuremberg
1kbjn9a,Hockey Sinners edit,https://reddit.com/r/FIlm/comments/1kbjn9a/hockey_sinners_edit/,plot discussion,sinners
1n7i3sm,New teaser for ‚ÄòWICKED: FOR GOOD‚Äô,https://reddit.com/r/movies/comments/1n7i3sm/new_teaser_for_wicked_for_good/,release & distribution,wicked: for good
1l735mr,"Aneesh Chaganty (director of 'Searching' and 'Run') to direct 'Doppelg√§nger', an original spy-thriller with a story that is being kept under wraps. Many studios bid on the rights, and it's set to become a franchise-starter. Ryan Coogler ('Sinners') will produce.",https://reddit.com/r/movies/comments/1l735mr/aneesh_chaganty_director_of_searching_and_run_to/,cast & crew,sinners
1o7dgrf,What are your expectations? Do you think it can surpass Sinners and One Battle After Another?,https://reddit.com/r/Letterboxd/comments/1o7dgrf/what_are_your_expectations_do_you_think_it_can/,comparison,sinners
1kdfhgh,Did anyone not love Sinners?,https://reddit.com/r/FIlm/comments/1kdfhgh/did_anyone_not_love_sinners/,reviews,sinners
1p31zwg,"Wicked: For Good' Shatters Box Office With $30M+ in Previews, Setting 2025 Record",https://reddit.com/r/moviecritic/comments/1p31zwg/wicked_for_good_shatters_box_office_with_30m_in/,box office & industry,wicked: for good
1knd42f,Who called it Sinners and not ‚ÄúBefore Sunrise‚Äù,https://reddit.com/r/Letterboxd/comments/1knd42f/who_called_it_sinners_and_not_before_sunrise/,release & distribution,sinners
1m7bmke,New Poster for 'Wicked: For Good',https://reddit.com/r/movies/comments/1m7bmke/new_poster_for_wicked_for_good/,release & distribution,wicked: for good
1lq2soq,Sinners?,https://reddit.com/r/moviecritic/comments/1lq2soq/sinners/,reviews,sinners
1ovfa41,Predator Badlands 2025 Movie Review,https://reddit.com/r/moviecritic/comments/1ovfa41/predator_badlands_2025_movie_review/,reviews,predator: badlands
1mrf7j1,Question after watching Sinners,https://reddit.com/r/FIlm/comments/1mrf7j1/question_after_watching_sinners/,plot discussion,sinners
1p0h8vy,Wicked: For Good' - Review Thread,https://reddit.com/r/movies/comments/1p0h8vy/wicked_for_good_review_thread/,reviews,wicked: for good
1lkitsu,Question about Sinners,https://reddit.com/r/moviecritic/comments/1lkitsu/question_about_sinners/,plot discussion,sinners
1nysu16,I‚Äôve just seen Sinners and I have two thoughts,https://reddit.com/r/FIlm/comments/1nysu16/ive_just_seen_sinners_and_i_have_two_thoughts/,plot discussion,sinners
1kcln9p,"Mississippi city where 'Sinners' is set has no movie theater, petitions for cast visit and public screening",https://reddit.com/r/movies/comments/1kcln9p/mississippi_city_where_sinners_is_set_has_no/,release & distribution,sinners
1l3m7vg,Wicked: For Good - Official Trailer,https://reddit.com/r/movies/comments/1l3m7vg/wicked_for_good_official_trailer/,release & distribution,wicked: for good
1l455rt,Talking about Ryan Coogler's Sinners and Robert Eggers' Nosferatu. Analyzing their great similarities and their great differences.,https://reddit.com/r/moviecritic/comments/1l455rt/talking_about_ryan_cooglers_sinners_and_robert/,comparison,sinners
1mzgqzu,‚ÄòSinners‚Äô Director Ryan Coogler and Artist Mary Corse to Be Honored at LACMA Art+Film,https://reddit.com/r/movies/comments/1mzgqzu/sinners_director_ryan_coogler_and_artist_mary/,box office & industry,sinners
1ldsg2k,Sinners is average,https://reddit.com/r/moviecritic/comments/1ldsg2k/sinners_is_average/,reviews,sinners
1oojr6y,‚ÄòPredator: Badlands‚Äô | ‚ÄúTessa Online‚Äù Official Clip,https://reddit.com/r/movies/comments/1oojr6y/predator_badlands_tessa_online_official_clip/,release & distribution,predator: badlands
1ktrzbd,"""Sinners"" review",https://reddit.com/r/moviereviews/comments/1ktrzbd/sinners_review/,reviews,sinners
1p1gezr,Predator: Badlands Yautja actor had to become ‚Äòfluent‚Äô in made-up alien language,https://reddit.com/r/movies/comments/1p1gezr/predator_badlands_yautja_actor_had_to_become/,production,predator: badlands
1p2t6li,Wicked + Wicked For Good (Personal) Review,https://reddit.com/r/moviereviews/comments/1p2t6li/wicked_wicked_for_good_personal_review/,reviews,wicked: for good
1l21lsx,"Michael B. Jordan Did the Impossible. In an era of mounting crises, the Sinners star got people off their couches and into cinemas for an original film.",https://reddit.com/r/movies/comments/1l21lsx/michael_b_jordan_did_the_impossible_in_an_era_of/,cast & crew,sinners
1ofpvn5,"New Poster for ‚ÄòNuremberg‚Äô - Follows psychiatrist Douglas Kelley (Rami Malek), who is challenged with determining if Hermann G√∂ring (Russell Crowe) is fit to stand at the Nuremberg trials.",https://reddit.com/r/movies/comments/1ofpvn5/new_poster_for_nuremberg_follows_psychiatrist/,release & distribution,nuremberg
1khn9pv,Sinners review,https://reddit.com/r/moviecritic/comments/1khn9pv/sinners_review/,reviews,sinners
1nzn3p7,Predator Badlands | Final Trailer,https://reddit.com/r/movies/comments/1nzn3p7/predator_badlands_final_trailer/,release & distribution,predator: badlands
1k9y7md,Which lovers was best in sinners,https://reddit.com/r/moviecritic/comments/1k9y7md/which_lovers_was_best_in_sinners/,plot discussion,sinners
1k6eaol,What did the guitar mean (Sinners),https://reddit.com/r/FIlm/comments/1k6eaol/what_did_the_guitar_mean_sinners/,plot discussion,sinners
1oycmmq,Predator: BadLands Review,https://reddit.com/r/moviecritic/comments/1oycmmq/predator_badlands_review/,reviews,predator: badlands
1k9edy6,"‚ÄòSinners,‚Äô ‚ÄòStarfighter,‚Äô and the Night That Drove a Stake Through Hollywood‚Äôs Love Affair with Mediocrity",https://reddit.com/r/movies/comments/1k9edy6/sinners_starfighter_and_the_night_that_drove_a/,comparison,sinners
1k8tl8z,Sinners,https://reddit.com/r/FIlm/comments/1k8tl8z/sinners/,reviews,sinners
1m83ydh,The Fantastic Four: First Steps (2025) Review - Typical Marvel,https://reddit.com/r/moviereviews/comments/1m83ydh/the_fantastic_four_first_steps_2025_review/,reviews,fantastic four: first steps
1l37svw,New poster for Wicked: For Good.,https://reddit.com/r/movies/comments/1l37svw/new_poster_for_wicked_for_good/,release & distribution,wicked: for good
1mylfwq,Predator Badlands,https://reddit.com/r/movies/comments/1mylfwq/predator_badlands/,plot discussion,predator: badlands
1or8tuv,After watching Predator: Badlands today i have updated my rankings of the Aliens/Predator films.,https://reddit.com/r/Letterboxd/comments/1or8tuv/after_watching_predator_badlands_today_i_have/,comparison,predator: badlands
1mvkg11,New image of Cynthia Erivo and Ariana Grande in ‚ÄòWicked: For Good‚Äô,https://reddit.com/r/movies/comments/1mvkg11/new_image_of_cynthia_erivo_and_ariana_grande_in/,production,wicked: for good
1n3cxjz,Sinners is about getting paid,https://reddit.com/r/moviecritic/comments/1n3cxjz/sinners_is_about_getting_paid/,plot discussion,sinners
1olpe4e,Nuremberg (2025) Review ‚Äì Crowe and Malek Face Off | CGO,https://reddit.com/r/moviecritic/comments/1olpe4e/nuremberg_2025_review_crowe_and_malek_face_off_cgo/,reviews,nuremberg
1kzo8hn,Test screenings of 'The Fantastic Four: First Steps' show obvious narrative and structuring issues.,https://reddit.com/r/moviecritic/comments/1kzo8hn/test_screenings_of_the_fantastic_four_first_steps/,production,fantastic four: first steps
1o5j9xk,Predator: Badlands | Get Tickets Now,https://reddit.com/r/movies/comments/1o5j9xk/predator_badlands_get_tickets_now/,release & distribution,predator: badlands
1k77rda,Sinners 2025 Review,https://reddit.com/r/moviereviews/comments/1k77rda/sinners_2025_review/,reviews,sinners
1kxjzrt,I Just watched Sinners,https://reddit.com/r/Letterboxd/comments/1kxjzrt/i_just_watched_sinners/,reviews,sinners
1l2yi6b,So I just watched sinners,https://reddit.com/r/moviecritic/comments/1l2yi6b/so_i_just_watched_sinners/,plot discussion,sinners
1p192pb,Nuremberg,https://reddit.com/r/moviecritic/comments/1p192pb/nuremberg/,reviews,nuremberg
1l6cvhk,Sinners Spinoff Idea (on the Sinners fever),https://reddit.com/r/flicks/comments/1l6cvhk/sinners_spinoff_idea_on_the_sinners_fever/,plot discussion,sinners
1ke0y8z,"Acting Advice from Talent Behind 'Sinners,' 'Nickel Boys,' and More",https://reddit.com/r/movies/comments/1ke0y8z/acting_advice_from_talent_behind_sinners_nickel/,cast & crew,sinners
1oqk2ik,"Official Discussion Megathread (Predator: Badlands / Die, My Love / Christy / Nuremberg) plus throwbacks",https://reddit.com/r/movies/comments/1oqk2ik/official_discussion_megathread_predator_badlands/,reviews,predator: badlands
1lq3uhz,Someone help me understand why everyone thinks that Sinners is so great,https://reddit.com/r/moviecritic/comments/1lq3uhz/someone_help_me_understand_why_everyone_thinks/,reviews,sinners
1kav9g6,I really loved how Sinners pulled some influence from The Thing &amp; Peaky Blinders.,https://reddit.com/r/Letterboxd/comments/1kav9g6/i_really_loved_how_sinners_pulled_some_influence/,plot discussion,sinners
1k4rn7q,Thought on Sinners,https://reddit.com/r/FIlm/comments/1k4rn7q/thought_on_sinners/,plot discussion,sinners
1ke5khk,"Kerry Washington talks about Django Unchained, Knives Out 3, Sinners, and Shadow Force.",https://reddit.com/r/movies/comments/1ke5khk/kerry_washington_talks_about_django_unchained/,production,sinners
1m6ns5c,How good is Fantastic Four: First Steps?,https://reddit.com/r/Cinema/comments/1m6ns5c/how_good_is_fantastic_four_first_steps/,reviews,fantastic four: first steps
1k88d9q,Sinners doesn't look like a 90 milliom movie,https://reddit.com/r/flicks/comments/1k88d9q/sinners_doesnt_look_like_a_90_milliom_movie/,reviews,sinners
1o39rl6,"‚ÄòWicked: For Good‚Äô Awards Categories Locked: Cynthia Erivo Goes Lead, Ariana Grande Goes Supporting",https://reddit.com/r/movies/comments/1o39rl6/wicked_for_good_awards_categories_locked_cynthia/,box office & industry,wicked: for good
1k4i93v,how scary is sinners?,https://reddit.com/r/Letterboxd/comments/1k4i93v/how_scary_is_sinners/,plot discussion,sinners
1kwq6m4,Can someone explain this scene in sinners ?,https://reddit.com/r/flicks/comments/1kwq6m4/can_someone_explain_this_scene_in_sinners/,plot discussion,sinners
1li8oga,Sinners needs to do better as a horror action movie because it lacks balance of the two genres,https://reddit.com/r/flicks/comments/1li8oga/sinners_needs_to_do_better_as_a_horror_action/,reviews,sinners
1k7x0sj,Ryan Coogler‚Äôs SINNERS: Music as Resistance in a Studio Epic,https://reddit.com/r/moviecritic/comments/1k7x0sj/ryan_cooglers_sinners_music_as_resistance_in_a/,reviews,sinners
1kwu3bl,Bitten by Its Own Allegory: On the Lost Spirit of Sinners,https://reddit.com/r/moviecritic/comments/1kwu3bl/bitten_by_its_own_allegory_on_the_lost_spirit_of/,reviews,sinners
1nl5kgn,Major Spoilers in the Sinners Trailer (Spoilers),https://reddit.com/r/movies/comments/1nl5kgn/major_spoilers_in_the_sinners_trailer_spoilers/,release & distribution,sinners
1p2dcbi,Delroy Lindo reveals favorite ‚ÄòSinners‚Äô scenes ‚Äî including his tour-de-force improvisation and the ‚Äòspecial‚Äô moment that got cut:,https://reddit.com/r/movies/comments/1p2dcbi/delroy_lindo_reveals_favorite_sinners_scenes/,cast & crew,sinners
1ofhvwm,Casting Director Francine Maisler on Discovering ‚ÄòSinners‚Äô Breakout Miles Caton and Why Matthew Pellicano Made the Perfect Young ‚ÄòSpringsteen‚Äô,https://reddit.com/r/movies/comments/1ofhvwm/casting_director_francine_maisler_on_discovering/,cast & crew,sinners
1k67gzs,Predator Badlands looks like Syfy Tv Show,https://reddit.com/r/movies/comments/1k67gzs/predator_badlands_looks_like_syfy_tv_show/,production,predator: badlands
1npaixz,Wicked: For Good | Final Trailer,https://reddit.com/r/movies/comments/1npaixz/wicked_for_good_final_trailer/,release & distribution,wicked: for good
1mi9t53,Fantastic Four: First Steps,https://reddit.com/r/moviereviews/comments/1mi9t53/fantastic_four_first_steps/,reviews,fantastic four: first steps
1o4kqm3,One of my favorite scenes in recent cinema. If you haven‚Äôt watched sinners would definitely recommend.,https://reddit.com/r/FIlm/comments/1o4kqm3/one_of_my_favorite_scenes_in_recent_cinema_if_you/,reviews,sinners
1p1okgc,Michael B. Jordan Admits 'Sinners' Tested Him More Than Any Film in His Career,https://reddit.com/r/moviecritic/comments/1p1okgc/michael_b_jordan_admits_sinners_tested_him_more/,cast & crew,sinners
1okjgtl,Just watched Sinners(I know very late) and I am sure there are very less films more beautifully shot than this.,https://reddit.com/r/Cinema/comments/1okjgtl/just_watched_sinnersi_know_very_late_and_i_am/,production,sinners
1lg8rob,My complicated thoughts on Sinners: I was very entertained but I think Coogler oversimplified and ultimately fumbled the primary subtext of assimilation,https://reddit.com/r/flicks/comments/1lg8rob/my_complicated_thoughts_on_sinners_i_was_very/,reviews,sinners
1kpv3g4,Sinners,https://reddit.com/r/moviecritic/comments/1kpv3g4/sinners/,reviews,sinners
1kl6nus,"Composer Mark Mancina (Speed, Training Day, August Rush, Tarzan, Moana) reacts to Sinners score by Ludwig G√∂ransson",https://reddit.com/r/movies/comments/1kl6nus/composer_mark_mancina_speed_training_day_august/,production,sinners
1kmdfav,Official Poster for ‚ÄòWicked: For Good‚Äô,https://reddit.com/r/movies/comments/1kmdfav/official_poster_for_wicked_for_good/,release & distribution,wicked: for good
1l2jnn6,"AMA/Q&amp;A Announcement - Dan Trachtenberg - Thursday 6/5 at 11:45 AM ET - Director of 'Prey', '10 Cloverfield Lane' and the upcoming 'Predator: Killer of Killers' and 'Predator: Badlands' (starring Elle Fanning). He's also directed episodes of 'The Boys', 'Black Mirror', and 'Stranger Things'.",https://reddit.com/r/movies/comments/1l2jnn6/amaqa_announcement_dan_trachtenberg_thursday_65/,cast & crew,predator: badlands
1lyilhd,Thoughts on Sinners (2025)?,https://reddit.com/r/Cinema/comments/1lyilhd/thoughts_on_sinners_2025/,reviews,sinners
1mjlkij,"New Poster for ""Wicked: For Good (2025)""",https://reddit.com/r/movies/comments/1mjlkij/new_poster_for_wicked_for_good_2025/,release & distribution,wicked: for good
1l2yo6k,Cinematography of SINNERS,https://reddit.com/r/FIlm/comments/1l2yo6k/cinematography_of_sinners/,production,sinners
1m7k953,Fantastic four: first steps ( review) [shpoilersh],https://reddit.com/r/Cinema/comments/1m7k953/fantastic_four_first_steps_review_shpoilersh/,reviews,fantastic four: first steps
1osk82s,Hey everyone. Has anyone seen Predator: Badlands yet? Your thoughts?,https://reddit.com/r/Cinema/comments/1osk82s/hey_everyone_has_anyone_seen_predator_badlands/,reviews,predator: badlands
1kah2ar,Sinners (2025) | Movie Review &amp; Thoughts - It's Alright,https://reddit.com/r/moviecritic/comments/1kah2ar/sinners_2025_movie_review_thoughts_its_alright/,reviews,sinners
1k4vhuw,Review of Sinners (2025),https://reddit.com/r/moviereviews/comments/1k4vhuw/review_of_sinners_2025/,reviews,sinners
1ocg49v,New ‚ÄòWicked: For Good‚Äô Character Posters,https://reddit.com/r/movies/comments/1ocg49v/new_wicked_for_good_character_posters/,release & distribution,wicked: for good
1k6v09m,SINNERS (2025) is the best film I've seen in a while.,https://reddit.com/r/flicks/comments/1k6v09m/sinners_2025_is_the_best_film_ive_seen_in_a_while/,reviews,sinners
1lp8hy5,"2025‚Äôs best movies (so far) include 'Sinners,' 'Sorry Baby' and 'One of Them Days'",https://reddit.com/r/movies/comments/1lp8hy5/2025s_best_movies_so_far_include_sinners_sorry/,comparison,sinners
1o8d29t,"Of these four acclaimed 2020s films which two are your favourites and why? Sinners, Dune II, One Battle After Another &amp; Furiosa.",https://reddit.com/r/Letterboxd/comments/1o8d29t/of_these_four_acclaimed_2020s_films_which_two_are/,comparison,sinners
1lalg33,Sinners michael B Jordan and his movie Review,https://reddit.com/r/moviecritic/comments/1lalg33/sinners_michael_b_jordan_and_his_movie_review/,reviews,sinners
1mcftrb,The Fantastic Four: First Steps - Stunning but plot-bound by MCU Continuities,https://reddit.com/r/Cinema/comments/1mcftrb/the_fantastic_four_first_steps_stunning_but/,reviews,fantastic four: first steps
1laoqwk,Finally got to see Sinners‚Ä¶ boring rubbish,https://reddit.com/r/Cinema/comments/1laoqwk/finally_got_to_see_sinners_boring_rubbish/,reviews,sinners
1mit5ay,How is ‚ÄúSinners‚Äù anything but average? What am I missing?,https://reddit.com/r/Letterboxd/comments/1mit5ay/how_is_sinners_anything_but_average_what_am_i/,reviews,sinners
1kc6grq,"Ryan Coogler's ""Sinners"" (2025) gives much more than is borrowed...",https://reddit.com/r/flicks/comments/1kc6grq/ryan_cooglers_sinners_2025_gives_much_more_than/,reviews,sinners
1kivt33,"What films are in everyone‚Äôs top 4 favourite of the decade so far? Mine are Oppenheimer, Dune II, Sinners &amp; Nosferatu.",https://reddit.com/r/Letterboxd/comments/1kivt33/what_films_are_in_everyones_top_4_favourite_of/,comparison,sinners
1otiesf,Review of The Fantastic Four: First Steps (2025),https://reddit.com/r/moviereviews/comments/1otiesf/review_of_the_fantastic_four_first_steps_2025/,reviews,fantastic four: first steps
1luv663,‚ÄòSinners‚Äô Is a Terrific Movie,https://reddit.com/r/flicks/comments/1luv663/sinners_is_a_terrific_movie/,reviews,sinners
1lzvn82,The Making of Sinners ‚Äî What It Took to Make an Original Blockbuster,https://reddit.com/r/FIlm/comments/1lzvn82/the_making_of_sinners_what_it_took_to_make_an/,production,sinners
1ozhwlu,"AMA/Q&amp;A Announcement - Sarah Schachner - Tuesday 11/18 at 3:00 PM ET - Composer of 'Predator: Badlands', 'Prey', 'The Lazarus Effect', 'Call of Duty: Modern Warfare 2', 'Assassin's Creed: Valhalla', and lots more.",https://reddit.com/r/movies/comments/1ozhwlu/amaqa_announcement_sarah_schachner_tuesday_1118/,cast & crew,predator: badlands
1p2pkrn,Wicked for good review,https://reddit.com/r/moviecritic/comments/1p2pkrn/wicked_for_good_review/,reviews,wicked: for good
1ox6bjd,They Actually Deconstructed the Predator (Predator: Badlands Review),https://reddit.com/r/flicks/comments/1ox6bjd/they_actually_deconstructed_the_predator_predator/,reviews,predator: badlands
1oryfmi,Did anyone else feel the ending of Sinners was stretched a bit too long?,https://reddit.com/r/Cinema/comments/1oryfmi/did_anyone_else_feel_the_ending_of_sinners_was/,reviews,sinners
1kbz1j3,"Ryan Coogler talks ""Sinners"" on Elvis Mitchell's The Treatment",https://reddit.com/r/movies/comments/1kbz1j3/ryan_coogler_talks_sinners_on_elvis_mitchells_the/,cast & crew,sinners
1k8ph76,Sinners Review (amateur review),https://reddit.com/r/Letterboxd/comments/1k8ph76/sinners_review_amateur_review/,reviews,sinners
1k5hhyl,This sub made me go watch Sinners on IMAX,https://reddit.com/r/Letterboxd/comments/1k5hhyl/this_sub_made_me_go_watch_sinners_on_imax/,release & distribution,sinners
1l7ux60,The vultures appear 4 times in ‚ÄúSinners‚Äù (2025),https://reddit.com/r/MovieDetails/comments/1l7ux60/the_vultures_appear_4_times_in_sinners_2025/,plot discussion,sinners
1p1xea9,Thoughts on Wicked: For Good?,https://reddit.com/r/Letterboxd/comments/1p1xea9/thoughts_on_wicked_for_good/,comparison,wicked: for good
1mm52xu,Was Weapons good as Sinners and 28 Years Later or it‚Äôs just scary?,https://reddit.com/r/FIlm/comments/1mm52xu/was_weapons_good_as_sinners_and_28_years_later_or/,comparison,sinners
1mnet6n,"AMC Theatres Narrows 2nd Quarter Loss to $4.7 Million as Revenue Jumps 36% on 'Sinners,' 'F1' Success",https://reddit.com/r/movies/comments/1mnet6n/amc_theatres_narrows_2nd_quarter_loss_to_47/,box office & industry,sinners
1kfv21t,Sinners is a 1/1,https://reddit.com/r/moviecritic/comments/1kfv21t/sinners_is_a_11/,reviews,sinners
1m6i5oq,The Fantastic Four: First Steps - Review Thread,https://reddit.com/r/movies/comments/1m6i5oq/the_fantastic_four_first_steps_review_thread/,reviews,fantastic four: first steps
1ls05am,Who is this guy in the background of Sinners,https://reddit.com/r/Cinema/comments/1ls05am/who_is_this_guy_in_the_background_of_sinners/,plot discussion,sinners
1obrbtx,Ryan Coogler's 'Sinners' is Returning to IMAX Theaters for Halloween (Oct. 30 - Nov. 5),https://reddit.com/r/movies/comments/1obrbtx/ryan_cooglers_sinners_is_returning_to_imax/,release & distribution,sinners
1lk514u,The Fantastic Four: First Steps | Final Trailer,https://reddit.com/r/movies/comments/1lk514u/the_fantastic_four_first_steps_final_trailer/,release & distribution,fantastic four: first steps
1p5fab2,Dorothy's Cameo in 'Wicked: For Good' Unveiled: A Tribute to the Broadway Gem,https://reddit.com/r/moviecritic/comments/1p5fab2/dorothys_cameo_in_wicked_for_good_unveiled_a/,plot discussion,wicked: for good
1ow97xu,Sinners or Weapons,https://reddit.com/r/Cinema/comments/1ow97xu/sinners_or_weapons/,comparison,sinners
1kb1eao,Sinners spoilers without context,https://reddit.com/r/Letterboxd/comments/1kb1eao/sinners_spoilers_without_context/,reviews,sinners
1kg2z8k,Sinners,https://reddit.com/r/moviecritic/comments/1kg2z8k/sinners/,reviews,sinners
1l33s4h,"Wicked: For Good' First-Look: Toto, We‚Äôre Not In Shiz Anymore",https://reddit.com/r/movies/comments/1l33s4h/wicked_for_good_firstlook_toto_were_not_in_shiz/,release & distribution,wicked: for good
1k8ruba,Sinners review (amateur review),https://reddit.com/r/moviereviews/comments/1k8ruba/sinners_review_amateur_review/,reviews,sinners
1k4knoy,Post your Letterboxd review of Sinners üëÄ‚ù§Ô∏è‚Äçüî•,https://reddit.com/r/Letterboxd/comments/1k4knoy/post_your_letterboxd_review_of_sinners/,reviews,sinners
1kbkiks,"Sinners, the vampire-musical-period-horror is WILD. A must-watch! ‚òÖ‚òÖ‚òÖ‚òÖ",https://reddit.com/r/moviereviews/comments/1kbkiks/sinners_the_vampiremusicalperiodhorror_is_wild_a/,reviews,sinners
1mb9aea,Which is the better superhero movie released this month: Superman or The Fantastic Four: First Steps?,https://reddit.com/r/moviecritic/comments/1mb9aea/which_is_the_better_superhero_movie_released_this/,comparison,fantastic four: first steps
1orjuq1,Predator: Badlands Is Incredible!,https://reddit.com/r/FIlm/comments/1orjuq1/predator_badlands_is_incredible/,reviews,predator: badlands
1k8jgtt,Really enjoyed Sinners but my God could it have used an aggressive edit. [Spoilers],https://reddit.com/r/moviecritic/comments/1k8jgtt/really_enjoyed_sinners_but_my_god_could_it_have/,reviews,sinners
1p7e3wu,"Zootopia 2' Previews Soar to $10M+, 'Wicked: For Good' Captures $15M+ for a Stellar Box Office Tuesday",https://reddit.com/r/moviecritic/comments/1p7e3wu/zootopia_2_previews_soar_to_10m_wicked_for_good/,box office & industry,wicked: for good
1kbouxm,‚ÄòSinners‚Äô Was Meant To Be A Box-Office Hit. Stop Counting It Out.,https://reddit.com/r/movies/comments/1kbouxm/sinners_was_meant_to_be_a_boxoffice_hit_stop/,box office & industry,sinners
1lyh8or,Sinners: 4.5 or 5 stars?,https://reddit.com/r/Letterboxd/comments/1lyh8or/sinners_45_or_5_stars/,reviews,sinners
1oqem8h,Predator: Badlands picks up where Prey left off and pushes things in an entertaining new direction,https://reddit.com/r/moviereviews/comments/1oqem8h/predator_badlands_picks_up_where_prey_left_off/,comparison,predator: badlands
1lvkk11,"Mid way through the year, who would be your pick for best supporting actor? I have to go with Delroy Lindo in Sinners",https://reddit.com/r/Letterboxd/comments/1lvkk11/mid_way_through_the_year_who_would_be_your_pick/,cast & crew,sinners
1oxerww,"AMA/Q&amp;A Announcement - Sarah Schachner - Tuesday 11/18 at 3:00 PM ET - Composer of 'Predator: Badlands', 'Prey', 'The Lazarus Effect', 'Call of Duty: Modern Warfare 2', 'Assassin's Creed: Valhalla', and lots more.",https://reddit.com/r/movies/comments/1oxerww/amaqa_announcement_sarah_schachner_tuesday_1118/,cast & crew,predator: badlands
1nxox84,Predator: Badlands | Official Trailer | Elle Fanning,https://reddit.com/r/moviecritic/comments/1nxox84/predator_badlands_official_trailer_elle_fanning/,release & distribution,predator: badlands
1l3wap1,Sinners - The Best Original Film In Years,https://reddit.com/r/moviecritic/comments/1l3wap1/sinners_the_best_original_film_in_years/,reviews,sinners
1kgrbzb,Sinners is the most overhyped movie of the year,https://reddit.com/r/flicks/comments/1kgrbzb/sinners_is_the_most_overhyped_movie_of_the_year/,reviews,sinners
1k6zih9,Sinners meaning unlocked-a metaphor about Christian conversion,https://reddit.com/r/moviecritic/comments/1k6zih9/sinners_meaning_unlockeda_metaphor_about/,plot discussion,sinners
1kxmtnc,I watched sinners recently and I have thoughts,https://reddit.com/r/flicks/comments/1kxmtnc/i_watched_sinners_recently_and_i_have_thoughts/,reviews,sinners
1ms9fi0,Fantastic Four: First Steps Movie Review,https://reddit.com/r/moviecritic/comments/1ms9fi0/fantastic_four_first_steps_movie_review/,reviews,fantastic four: first steps
1orftei,Predator: Badlands' Targets 2nd Best Friday For Franchise With $14M On Path To $33M Opening ‚Äì Afternoon Box Office Update,https://reddit.com/r/moviecritic/comments/1orftei/predator_badlands_targets_2nd_best_friday_for/,box office & industry,predator: badlands
1lp2qy0,Movie: Sinners. This scene blew the audience away. People were just stunned. Have to see it in a theater.  WOW!,https://reddit.com/r/moviecritic/comments/1lp2qy0/movie_sinners_this_scene_blew_the_audience_away/,reviews,sinners
1lrn5rq,‚ÄòSinners‚Äô Producer Says Costumes Were Purchased From Marvel‚Äôs ‚ÄòBlade‚Äô Reboot That Ended Up Not Shooting,https://reddit.com/r/movies/comments/1lrn5rq/sinners_producer_says_costumes_were_purchased/,production,sinners
1p7kokk,"Oscar Predictions: ‚ÄòSinners‚Äô Surges, ‚ÄòNo Other Choice‚Äô Climbs and ‚ÄòWicked: For Good‚Äô Isn‚Äôt Dead, No Matter What Social Media Claims",https://reddit.com/r/movies/comments/1p7kokk/oscar_predictions_sinners_surges_no_other_choice/,box office & industry,sinners
1l7swth,"Remmick from Sinners is about 300 years old, not 1300",https://reddit.com/r/flicks/comments/1l7swth/remmick_from_sinners_is_about_300_years_old_not/,plot discussion,sinners
1nlosgt,‚ÄòSinners‚Äô Will Compete for Best Drama at the Golden Globes,https://reddit.com/r/movies/comments/1nlosgt/sinners_will_compete_for_best_drama_at_the_golden/,box office & industry,sinners
1m1jaw9,John Malkovich‚Äôs Red Ghost Cut From ‚ÄòFantastic Four: First Steps‚Äô,https://reddit.com/r/movies/comments/1m1jaw9/john_malkovichs_red_ghost_cut_from_fantastic_four/,production,fantastic four: first steps
1p4o4sr,Predator: Badlands was so much fun!,https://reddit.com/r/Cinema/comments/1p4o4sr/predator_badlands_was_so_much_fun/,reviews,predator: badlands
1l2ymcb,Cinematography of SINNERS,https://reddit.com/r/Letterboxd/comments/1l2ymcb/cinematography_of_sinners/,reviews,sinners
1kwe4ok,Two versions of Sinners (2025)?,https://reddit.com/r/flicks/comments/1kwe4ok/two_versions_of_sinners_2025/,comparison,sinners
1nrto4x,Sinners - review,https://reddit.com/r/FIlm/comments/1nrto4x/sinners_review/,reviews,sinners
1oeajlf,"Ryan Coogler Responds To MGK's ""Sinners"" Audition Decline",https://reddit.com/r/Cinema/comments/1oeajlf/ryan_coogler_responds_to_mgks_sinners_audition/,cast & crew,sinners
1p2crag,With the release of Wicked: For Good‚Ä¶ what were your thoughts on the first Wicked film? üíñüíö,https://reddit.com/r/FIlm/comments/1p2crag/with_the_release_of_wicked_for_good_what_were/,reviews,wicked: for good
1odaz6n,‚ÄòPredator: Badlands‚Äô Is Now Officially Rated PG-13 for ‚ÄúStrong Sci-fi Violence‚Äù,https://reddit.com/r/movies/comments/1odaz6n/predator_badlands_is_now_officially_rated_pg13/,release & distribution,predator: badlands
1kmq0q2,"For me, Sinners was transcendent. I think it's because of my religious background and the same sentiments I encountered around music being sinful. For my friend, it was lack luste and she couldn't understand what the hype was about. Did you like it? I actually want to watch it again in theatres lol",https://reddit.com/r/FIlm/comments/1kmq0q2/for_me_sinners_was_transcendent_i_think_its/,reviews,sinners
1kd2056,Sinners will be back to IMAX,https://reddit.com/r/Letterboxd/comments/1kd2056/sinners_will_be_back_to_imax/,release & distribution,sinners
1ozv0vn,"November 14-16 Box Office Recap ‚Äì 'Now You See Me: Now You Don't' opens with a solid $21M domestically and $75.2M worldwide. 'The Running Man' flops with just $16.4M domestically and $27.6M worldwide, against a $110M budget. 'Predator: Badlands' collapses a steep 68%, but crosses $130M worldwide.",https://reddit.com/r/movies/comments/1ozv0vn/november_1416_box_office_recap_now_you_see_me_now/,box office & industry,predator: badlands
1m36tbd,I'm surprised Sinners did as well as it did with how media illiterate people are,https://reddit.com/r/Cinema/comments/1m36tbd/im_surprised_sinners_did_as_well_as_it_did_with/,reviews,sinners
1kcq8cj,Why Sinners (2025) isn't a great movie and how fake positive reviews are killing cinema [SPOILERS],https://reddit.com/r/Cinema/comments/1kcq8cj/why_sinners_2025_isnt_a_great_movie_and_how_fake/,reviews,sinners
1lqpmnr,"Oscar Chances: Will 'Sinners', 'F1', and '28 Years Later' Be Nominated?",https://reddit.com/r/movies/comments/1lqpmnr/oscar_chances_will_sinners_f1_and_28_years_later/,box office & industry,sinners
1ovbi3w,Should I go and see The Choral or Nuremberg this weekend?,https://reddit.com/r/Letterboxd/comments/1ovbi3w/should_i_go_and_see_the_choral_or_nuremberg_this/,comparison,nuremberg
1ov2in7,"Oscar Predictions via Feinberg Forecast: Scott's Updated Standings Post-'Wicked: For Good,' Pre-'Avatar: Fire and Ash'",https://reddit.com/r/moviecritic/comments/1ov2in7/oscar_predictions_via_feinberg_forecast_scotts/,box office & industry,wicked: for good
1m5mt8n,Predator: Badlands | Official Trailer,https://reddit.com/r/movies/comments/1m5mt8n/predator_badlands_official_trailer/,release & distribution,predator: badlands
1lniwzh,Does this and sinners mean original films are coming back,https://reddit.com/r/Letterboxd/comments/1lniwzh/does_this_and_sinners_mean_original_films_are/,box office & industry,sinners
1or0nvz,"‚ÄúPredator: Badlands‚Äù directed by Dan Trachtenberg, starring Dimitrius Schuster-Koloamatangi, Elle Fanning",https://reddit.com/r/moviecritic/comments/1or0nvz/predator_badlands_directed_by_dan_trachtenberg/,reviews,predator: badlands
1kq4nqs,is sinners an inappropriate movie to watch with my dad?,https://reddit.com/r/Letterboxd/comments/1kq4nqs/is_sinners_an_inappropriate_movie_to_watch_with/,plot discussion,sinners
1l2dhcn,"In Sinners (2025), vultures begin to circle the Hogwood home after Remmick is let inside.",https://reddit.com/r/MovieDetails/comments/1l2dhcn/in_sinners_2025_vultures_begin_to_circle_the/,plot discussion,sinners
1kzcpy5,"‚Äò28 Years Later‚Äô tops Best Trailer of the year at Golden Trailer Awards, 'Severance' was the top TV show, while 'Wicked' and 'Sinners' won 4 awards each",https://reddit.com/r/movies/comments/1kzcpy5/28_years_later_tops_best_trailer_of_the_year_at/,box office & industry,sinners
1ko9ygp,"Neither audience nor critics ratings can be trusted anymore, people called Sinners a ‚Äúmasterpiece‚Äù lmao üòÇ the movie sucked ass. Now I‚Äôm worried even MI8 will blow.",https://reddit.com/r/flicks/comments/1ko9ygp/neither_audience_nor_critics_ratings_can_be/,reviews,sinners
1l6fclc,"A new deleted scene from Ryan Coogler‚Äôs ‚ÄòSINNERS‚Äô has been released, featuring a full musical sequence from Delroy Lindo in a spilt diopter shot.",https://reddit.com/r/Letterboxd/comments/1l6fclc/a_new_deleted_scene_from_ryan_cooglers_sinners/,release & distribution,sinners
1oo5t1j,Sinners,https://reddit.com/r/FIlm/comments/1oo5t1j/sinners/,reviews,sinners
1nqtti7,"Didn't like 'Sinners', but seeking to understand!",https://reddit.com/r/Letterboxd/comments/1nqtti7/didnt_like_sinners_but_seeking_to_understand/,reviews,sinners
1kvotab,"Discussing the Movie sinners, as well as audience reviews and reactions",https://reddit.com/r/moviecritic/comments/1kvotab/discussing_the_movie_sinners_as_well_as_audience/,reviews,sinners
1l6a6tf,Ryan Coogler‚Äôs Sinners will surpass Gravity and will soon become the highest grossing original film in North America in 15 years.,https://reddit.com/r/moviecritic/comments/1l6a6tf/ryan_cooglers_sinners_will_surpass_gravity_and/,box office & industry,sinners
1m9yakk,‚ÄòPredator: Badlands‚Äô Thrills Comic-Con With First 15 Minutes and Alternate ‚ÄòKiller of Killers‚Äô Ending With Arnold Schwarzenegger and Danny Glover,https://reddit.com/r/movies/comments/1m9yakk/predator_badlands_thrills_comiccon_with_first_15/,release & distribution,predator: badlands
1lubwlv,‚ÄúSinners‚Äù (2025) is too small a film for the ideas it explores.,https://reddit.com/r/Cinema/comments/1lubwlv/sinners_2025_is_too_small_a_film_for_the_ideas_it/,plot discussion,sinners
1m89zcu,The Ending of sinners,https://reddit.com/r/Letterboxd/comments/1m89zcu/the_ending_of_sinners/,plot discussion,sinners
1ovgpg7,Much of 'Predator: Badlands' is in an alien language. We asked a Yautja expert to break it down,https://reddit.com/r/movies/comments/1ovgpg7/much_of_predator_badlands_is_in_an_alien_language/,production,predator: badlands
1krucnk,"Hi everyone! I just published an article on Medium about Sinners (2025), Ryan Coogler‚Äôs latest film that blends social commentary with strong storytelling and brilliant direction.  If you're into films that go beyond surface-level drama and dive into deeper meaning, I‚Äôd love for you to check it out",https://reddit.com/r/moviereviews/comments/1krucnk/hi_everyone_i_just_published_an_article_on_medium/,plot discussion,sinners
1oh0ds0,Nuremberg (2025) Review ‚Äì Crowe and Malek Face Off | CGO,https://reddit.com/r/moviecritic/comments/1oh0ds0/nuremberg_2025_review_crowe_and_malek_face_off_cgo/,reviews,nuremberg
1kzshfj,What is wrong with what the Vampires are offering in the Sinners 2025?,https://reddit.com/r/moviecritic/comments/1kzshfj/what_is_wrong_with_what_the_vampires_are_offering/,plot discussion,sinners
1p481c4,"Act two of 'Wicked' is weaker, yes, but Wicked: For Good doesn't do anything interesting with the material",https://reddit.com/r/flicks/comments/1p481c4/act_two_of_wicked_is_weaker_yes_but_wicked_for/,comparison,wicked: for good
1kkoaja,Sinners (2025) ‚Äì Hellishly Great,https://reddit.com/r/moviecritic/comments/1kkoaja/sinners_2025_hellishly_great/,reviews,sinners
1kwn6g4,Three Essential Essays on Ryan Coogler's 'Sinners',https://reddit.com/r/movies/comments/1kwn6g4/three_essential_essays_on_ryan_cooglers_sinners/,reviews,sinners
1k8gzkx,"Sinners"" has grossed $93 million worldwide",https://reddit.com/r/moviecritic/comments/1k8gzkx/sinners_has_grossed_93_million_worldwide/,box office & industry,sinners
1kgk7h8,Matthew Wood (General Grievous in 'Star Wars') To Voice H.E.R.B.I.E. In Marvel‚Äôs ‚ÄòThe Fantastic Four: First Steps‚Äô,https://reddit.com/r/movies/comments/1kgk7h8/matthew_wood_general_grievous_in_star_wars_to/,cast & crew,fantastic four: first steps
1p2cbj8,"With the release of Wicked: For Good, I wanted to ask‚Ä¶ thoughts on the first Wicked film?",https://reddit.com/r/moviecritic/comments/1p2cbj8/with_the_release_of_wicked_for_good_i_wanted_to/,reviews,wicked: for good
1lth4il,Sinners was not good,https://reddit.com/r/Cinema/comments/1lth4il/sinners_was_not_good/,reviews,sinners
1p1gvqk,My Wicked: For Good review,https://reddit.com/r/Letterboxd/comments/1p1gvqk/my_wicked_for_good_review/,comparison,wicked: for good
1kkz08g,SINNERS,https://reddit.com/r/flicks/comments/1kkz08g/sinners/,plot discussion,sinners
1nii613,"""The Fantastic Four: First Steps"" releases on digital September 23rd",https://reddit.com/r/movies/comments/1nii613/the_fantastic_four_first_steps_releases_on/,release & distribution,fantastic four: first steps
1lu3u1g,Sinners prequel?,https://reddit.com/r/FIlm/comments/1lu3u1g/sinners_prequel/,plot discussion,sinners
1oeamng,"Ryan Coogler Responds To MGK's ""Sinners"" Audition Decline",https://reddit.com/r/moviecritic/comments/1oeamng/ryan_coogler_responds_to_mgks_sinners_audition/,cast & crew,sinners
1kalwd7,Do you think sinners is gonna become the next big franchise,https://reddit.com/r/Letterboxd/comments/1kalwd7/do_you_think_sinners_is_gonna_become_the_next_big/,box office & industry,sinners
1lehtl6,"Artist from Ireland. Rewatched Sinners last week and decided to do an acrylic portrait of Remmick, one of my favourite movies of the year so far ‚úåÔ∏è",https://reddit.com/r/FIlm/comments/1lehtl6/artist_from_ireland_rewatched_sinners_last_week/,production,sinners
1ojqab9,"I just watched From Dusk Till Dawn and damn, Sinners really copied and pasted üò¨",https://reddit.com/r/moviecritic/comments/1ojqab9/i_just_watched_from_dusk_till_dawn_and_damn/,comparison,sinners
1k96rxu,What was your experience while watching the movie Sinners at the theater like?,https://reddit.com/r/Letterboxd/comments/1k96rxu/what_was_your_experience_while_watching_the_movie/,release & distribution,sinners
1k53w5a,What are your thoughts on Sinners?,https://reddit.com/r/flicks/comments/1k53w5a/what_are_your_thoughts_on_sinners/,reviews,sinners
1k63y0q,"‚ÄòSinners‚Äô Spoiler Free Review (I do talk about what the horror is, which is not mentioned in trailer 1)",https://reddit.com/r/moviecritic/comments/1k63y0q/sinners_spoiler_free_review_i_do_talk_about_what/,reviews,sinners
1kd073p,Which movie will gross the most at the box office? Jurassic World Rebirth (July 2) The Fantastic Four: First Steps (July 11) Superman (July 25),https://reddit.com/r/moviecritic/comments/1kd073p/which_movie_will_gross_the_most_at_the_box_office/,box office & industry,fantastic four: first steps
1m9kgz2,Fantastic Four: First Steps,https://reddit.com/r/moviecritic/comments/1m9kgz2/fantastic_four_first_steps/,reviews,fantastic four: first steps
1o0c9qb,Predator: Badlands | Final Trailer,https://reddit.com/r/moviecritic/comments/1o0c9qb/predator_badlands_final_trailer/,release & distribution,predator: badlands
1nzn5hj,New Poster for 'Predator: Badlands',https://reddit.com/r/movies/comments/1nzn5hj/new_poster_for_predator_badlands/,release & distribution,predator: badlands
1k6o0ko,movies like sinners (music-oriented),https://reddit.com/r/Letterboxd/comments/1k6o0ko/movies_like_sinners_musicoriented/,comparison,sinners
1ovg3e9,"""SINNERS(2025)"" SHOULD HAVE COPIED THE ""LEGION(2010)""",https://reddit.com/r/movies/comments/1ovg3e9/sinners2025_should_have_copied_the_legion2010/,comparison,sinners
1mjn25b,"AMA/Q&amp;A Announcement - Paul Walter Hauser - Friday 8/8 at 1:30 PM ET - Actor in 'Richard Jewell', 'Americana', 'Black Bird', 'The Naked Gun', 'The Fantastic Four: First Steps', 'I Tonya', 'It's Always Sunny In Philadelphia', 'BlacKkKlansman', 'Inside Out 2', 'Cobra Kai', and lots more.",https://reddit.com/r/movies/comments/1mjn25b/amaqa_announcement_paul_walter_hauser_friday_88/,cast & crew,fantastic four: first steps
1m3kbzv,Sinners &amp; Vamp,https://reddit.com/r/FIlm/comments/1m3kbzv/sinners_vamp/,comparison,sinners
1mi4b39,"In my last post regarding movie ""Sinners"" 80% people find this movie as not good but still this movie happens to get 7.6 rating on IMDB from 242K persons and 97% on rotten tomatoes. If this movie is not that good then why its getting these higher ratings and trending reels.",https://reddit.com/r/FIlm/comments/1mi4b39/in_my_last_post_regarding_movie_sinners_80_people/,box office & industry,sinners
1ona9cg,The original motion picture soundtrack for 'Sinners' is actually awesome.,https://reddit.com/r/movies/comments/1ona9cg/the_original_motion_picture_soundtrack_for/,production,sinners
1oyfp92,PREDATOR BADLANDS (2025) Full Spoiler Review - 3 Stars - Film Dirt,https://reddit.com/r/moviecritic/comments/1oyfp92/predator_badlands_2025_full_spoiler_review_3/,reviews,predator: badlands
1kga2e8,What did you think of Sinners?,https://reddit.com/r/moviecritic/comments/1kga2e8/what_did_you_think_of_sinners/,reviews,sinners
1m5x72o,Avatar: Fire and Ash' Trailer to Play in Theaters Before 'The Fantastic Four: First Steps',https://reddit.com/r/movies/comments/1m5x72o/avatar_fire_and_ash_trailer_to_play_in_theaters/,release & distribution,fantastic four: first steps
1njjcy8,The Most Hated Character in Sinners,https://reddit.com/r/FIlm/comments/1njjcy8/the_most_hated_character_in_sinners/,plot discussion,sinners
1k939ns,Sinners was not a good movie,https://reddit.com/r/flicks/comments/1k939ns/sinners_was_not_a_good_movie/,reviews,sinners
1oqenau,Predator: Badlands confirms that standalone installments are the best way to approach this franchise,https://reddit.com/r/flicks/comments/1oqenau/predator_badlands_confirms_that_standalone/,box office & industry,predator: badlands
1koegpq,"If the general public have made it abundantly clear they are sick of the woke agenda, why are we still seeing so much nonsense like Sinners, Conclave, Anora and Companion getting acclaim they didn‚Äôt deserve?",https://reddit.com/r/flicks/comments/1koegpq/if_the_general_public_have_made_it_abundantly/,reviews,sinners
1omb7cj,Nuremberg' - Review Thread,https://reddit.com/r/movies/comments/1omb7cj/nuremberg_review_thread/,reviews,nuremberg
1kd2cf7,Doubt regarding Sinners.,https://reddit.com/r/Letterboxd/comments/1kd2cf7/doubt_regarding_sinners/,plot discussion,sinners
1mbpj0w,The Power Cosmic! Fantastic Four: First Steps | A New High Point For The MCU? What did you make of it?,https://reddit.com/r/Cinema/comments/1mbpj0w/the_power_cosmic_fantastic_four_first_steps_a_new/,reviews,fantastic four: first steps
1ke3uj3,Sinners - 12 years a slave + There will be blood? (Spoilers),https://reddit.com/r/moviecritic/comments/1ke3uj3/sinners_12_years_a_slave_there_will_be_blood/,comparison,sinners
1k6sx6j,Is seeing Sinners in IMAX really worth it?,https://reddit.com/r/Letterboxd/comments/1k6sx6j/is_seeing_sinners_in_imax_really_worth_it/,release & distribution,sinners
1k982zr,"Sinners"" has grossed $121.7 million worldwid",https://reddit.com/r/FIlm/comments/1k982zr/sinners_has_grossed_1217_million_worldwid/,box office & industry,sinners
1nkf9aw,"‚ÄòFrankenstein,‚Äô ‚ÄòNuremberg‚Äô and ‚ÄòSentimental Value‚Äô Among Santa Fe International Film Festival Lineup (EXCLUSIVE)",https://reddit.com/r/movies/comments/1nkf9aw/frankenstein_nuremberg_and_sentimental_value/,box office & industry,nuremberg
1l79wta,"A new deleted scene from Ryan Coogler‚Äôs ‚ÄòSINNERS‚Äô has been released, featuring a full musical sequence from Delroy Lindo in a spilt diopter shot.",https://reddit.com/r/movies/comments/1l79wta/a_new_deleted_scene_from_ryan_cooglers_sinners/,release & distribution,sinners
1p2nl40,Official Discussion Megathread (Wicked: For Good / Rental Family / Sisu 2: Road to Revenge) plus throwback discussions,https://reddit.com/r/movies/comments/1p2nl40/official_discussion_megathread_wicked_for_good/,reviews,wicked: for good
1k67js2,First Time Watching Movie Reaction Sinners | Movie Reaction,https://reddit.com/r/moviecritic/comments/1k67js2/first_time_watching_movie_reaction_sinners_movie/,reviews,sinners
1oniker,Sammie‚Äôs scars in Sinners,https://reddit.com/r/movies/comments/1oniker/sammies_scars_in_sinners/,plot discussion,sinners
1ksxeb4,"SINNERS was OVERRATED, CLONKY, and LAZY.",https://reddit.com/r/moviecritic/comments/1ksxeb4/sinners_was_overrated_clonky_and_lazy/,reviews,sinners
1oqm2oq,Predator: Badlands,https://reddit.com/r/moviecritic/comments/1oqm2oq/predator_badlands/,reviews,predator: badlands
1k7az7c,Is it me or would Ryan Coogler‚Äôs Sinners not exist with out George Clooney?,https://reddit.com/r/Letterboxd/comments/1k7az7c/is_it_me_or_would_ryan_cooglers_sinners_not_exist/,comparison,sinners
1mbt6oq,"July 25-27 Box Office Recap ‚Äì 'The Fantastic Four: First Steps' opens with a fantastic $117.6M domestically. But it disappoints overseas, earning just $99M. Worldwide, 'Jurassic World Rebirth' crosses $700M, 'How to Train Your Dragon' crosses $600M, while 'F1' and 'Superman' cross $500M.",https://reddit.com/r/movies/comments/1mbt6oq/july_2527_box_office_recap_the_fantastic_four/,box office & industry,fantastic four: first steps
1p2j639,Wicked: For Good (2025) - They'll Call It Wonderful.. but Is It? (it's fine),https://reddit.com/r/moviereviews/comments/1p2j639/wicked_for_good_2025_theyll_call_it_wonderful_but/,reviews,wicked: for good
1kb7bxu,My thoughts on Sinners,https://reddit.com/r/moviecritic/comments/1kb7bxu/my_thoughts_on_sinners/,reviews,sinners
1k9g8dp,Sinners is mid. Why is everyone raving about it?,https://reddit.com/r/moviecritic/comments/1k9g8dp/sinners_is_mid_why_is_everyone_raving_about_it/,reviews,sinners
1m5s6ve,"Predator: Badlands | Official Trailer | Elle Fanning, directed by Dan Trachtenberg",https://reddit.com/r/FIlm/comments/1m5s6ve/predator_badlands_official_trailer_elle_fanning/,release & distribution,predator: badlands
1klu80v,"Sinners was uh‚Ä¶interesting, but not a 10/10.",https://reddit.com/r/flicks/comments/1klu80v/sinners_was_uhinteresting_but_not_a_1010/,reviews,sinners
1k4twm5,Would Love to See Sinners Receive Some Oscar Love,https://reddit.com/r/Cinema/comments/1k4twm5/would_love_to_see_sinners_receive_some_oscar_love/,box office & industry,sinners
1lenr1p,Ryan Coogler‚Äôs Favorite Movies: 12 Films the ‚ÄòSinners‚Äô Director Wants You to See,https://reddit.com/r/movies/comments/1lenr1p/ryan_cooglers_favorite_movies_12_films_the/,cast & crew,sinners
1kaz5fo,Theory on Sinners,https://reddit.com/r/FIlm/comments/1kaz5fo/theory_on_sinners/,plot discussion,sinners
1kjtmp8,From Dusk Till Dawn or Sinners? Which do you prefer?,https://reddit.com/r/moviecritic/comments/1kjtmp8/from_dusk_till_dawn_or_sinners_which_do_you_prefer/,comparison,sinners
1krdb5i,I watched Sinners in an empty theatre,https://reddit.com/r/Letterboxd/comments/1krdb5i/i_watched_sinners_in_an_empty_theatre/,reviews,sinners
1oex5o8,‚ÄòThe Fantastic Four: First Steps‚Äô is Coming to Disney+ on November 5,https://reddit.com/r/movies/comments/1oex5o8/the_fantastic_four_first_steps_is_coming_to/,release & distribution,fantastic four: first steps
1mcshzv,"""The Fantastic Four: First Steps"" review",https://reddit.com/r/moviereviews/comments/1mcshzv/the_fantastic_four_first_steps_review/,reviews,fantastic four: first steps
1p3drfi,"Ariana Grande, in 'Wicked: For Good,' Proves She's a Movie Star",https://reddit.com/r/movies/comments/1p3drfi/ariana_grande_in_wicked_for_good_proves_shes_a/,cast & crew,wicked: for good
1ohb6xw,Just saw the Nuremberg trailer... thoughts?,https://reddit.com/r/Cinema/comments/1ohb6xw/just_saw_the_nuremberg_trailer_thoughts/,release & distribution,nuremberg
1k4qssx,Sinners is the first movie from 2025 to enter the Letterboxd top 250,https://reddit.com/r/Letterboxd/comments/1k4qssx/sinners_is_the_first_movie_from_2025_to_enter_the/,box office & industry,sinners
1m9hmbk,"Official Discussion Megathread (The Fantastic Four: First Steps / Sorry, Baby / Happy Gilmore 2)",https://reddit.com/r/movies/comments/1m9hmbk/official_discussion_megathread_the_fantastic_four/,reviews,fantastic four: first steps
1k4ntil,Let's Talk About 'Sinners' and Profitability,https://reddit.com/r/movies/comments/1k4ntil/lets_talk_about_sinners_and_profitability/,box office & industry,sinners
1kk381i,Sinners def overhyped!,https://reddit.com/r/flicks/comments/1kk381i/sinners_def_overhyped/,reviews,sinners
1lyx51i,Sinners,https://reddit.com/r/Cinema/comments/1lyx51i/sinners/,reviews,sinners
1ltveqc,The use of music in Sinners (2025) was absolutely masterful and I am totally digging this soundtrack! [no spoilers],https://reddit.com/r/flicks/comments/1ltveqc/the_use_of_music_in_sinners_2025_was_absolutely/,production,sinners
1kcqmzy,favorite sinners scene,https://reddit.com/r/Letterboxd/comments/1kcqmzy/favorite_sinners_scene/,plot discussion,sinners
1mriova,"Not that I want one, but... Which origin/follow-up story to Sinners would you want to see most?",https://reddit.com/r/Letterboxd/comments/1mriova/not_that_i_want_one_but_which_originfollowup/,plot discussion,sinners
1ovpv6k,Judgement at Nuremberg,https://reddit.com/r/FIlm/comments/1ovpv6k/judgement_at_nuremberg/,reviews,nuremberg
1p00dek,Ryan Coogler Says DCOM 'Luck of the Irish' Influenced 'Sinners',https://reddit.com/r/movies/comments/1p00dek/ryan_coogler_says_dcom_luck_of_the_irish/,production,sinners
1m5mvin,New Poster for 'Predator: Badlands',https://reddit.com/r/movies/comments/1m5mvin/new_poster_for_predator_badlands/,release & distribution,predator: badlands
1oday6l,Official IMAX poster for the Sinners Re-Release,https://reddit.com/r/movies/comments/1oday6l/official_imax_poster_for_the_sinners_rerelease/,release & distribution,sinners
1k8pm17,Sinners review (amateur review),https://reddit.com/r/moviecritic/comments/1k8pm17/sinners_review_amateur_review/,reviews,sinners
1l3xrki,"Hi /r/movies, I'm Dan Trachtenberg. I've directed PREY and 10 CLOVERFIELD LANE. My next film, PREDATOR: KILLER OF KILLERS, is out on Hulu June 6th and PREDATOR: BADLANDS (starring Elle Fanning) is out in theaters later this year. Ask me anything!",https://reddit.com/r/movies/comments/1l3xrki/hi_rmovies_im_dan_trachtenberg_ive_directed_prey/,cast & crew,predator: badlands
1lgh6g3,Sinners Theory: Remmick was just like Sammy,https://reddit.com/r/Cinema/comments/1lgh6g3/sinners_theory_remmick_was_just_like_sammy/,plot discussion,sinners
1l18tpf,Anyone else see the movie Sinners?,https://reddit.com/r/moviecritic/comments/1l18tpf/anyone_else_see_the_movie_sinners/,comparison,sinners
1mmvl9o,Glinda Poster Redesign for Wicked For Good,https://reddit.com/r/movies/comments/1mmvl9o/glinda_poster_redesign_for_wicked_for_good/,release & distribution,wicked: for good
1oorl9d,Why does Sinners have a 7.6 rating?,https://reddit.com/r/Cinema/comments/1oorl9d/why_does_sinners_have_a_76_rating/,reviews,sinners
1k6qmmv,"No, Sinners should NOT have a Prequel or a Sequel",https://reddit.com/r/moviecritic/comments/1k6qmmv/no_sinners_should_not_have_a_prequel_or_a_sequel/,plot discussion,sinners
1oof050,Predator: Badlands,https://reddit.com/r/moviereviews/comments/1oof050/predator_badlands/,reviews,predator: badlands
1oufy69,"‚ÄúNuremberg‚Äù directed by James Vanderbilt, starring Rami Malek, Russell Crowe, Michael Shannon",https://reddit.com/r/moviecritic/comments/1oufy69/nuremberg_directed_by_james_vanderbilt_starring/,reviews,nuremberg
1kd07m5,Which movie will gross the most at the box office? Jurassic World Rebirth (July 2) The Fantastic Four: First Steps (July 11) Superman (July 25),https://reddit.com/r/FIlm/comments/1kd07m5/which_movie_will_gross_the_most_at_the_box_office/,box office & industry,fantastic four: first steps
1k723a2,Sinners Movie Reflection/Analysis,https://reddit.com/r/moviecritic/comments/1k723a2/sinners_movie_reflectionanalysis/,plot discussion,sinners
1mgflme,Anyone else think Sinners (2025) over explained itself?,https://reddit.com/r/Cinema/comments/1mgflme/anyone_else_think_sinners_2025_over_explained/,plot discussion,sinners
1n6uni3,"Sinners, the modern pop version of From Dusk Till Dawn",https://reddit.com/r/Cinema/comments/1n6uni3/sinners_the_modern_pop_version_of_from_dusk_till/,comparison,sinners
1ly64nk,One thing that bothered me about Sinners (2025),https://reddit.com/r/moviecritic/comments/1ly64nk/one_thing_that_bothered_me_about_sinners_2025/,reviews,sinners
1k8jbf9,‚ÄòSinners‚Äô Star Jack O‚ÄôConnell Explains the Whole Irish-Vampire Thing; Talks Playing the Villain in ‚Äò28 Years Later‚Äô,https://reddit.com/r/movies/comments/1k8jbf9/sinners_star_jack_oconnell_explains_the_whole/,cast & crew,sinners
1ki0fs5,Sinners: Coogler‚Äôs Vampiric Blues Reinvents the Soul of Cinema,https://reddit.com/r/Letterboxd/comments/1ki0fs5/sinners_cooglers_vampiric_blues_reinvents_the/,reviews,sinners
1p0ih8z,Wicked: For Good,https://reddit.com/r/moviecritic/comments/1p0ih8z/wicked_for_good/,comparison,wicked: for good
1liy243,Sinners (2025),https://reddit.com/r/Cinema/comments/1liy243/sinners_2025/,reviews,sinners
1osi6ue,Predator: Badlands a movie that asks us ‚Äúwhat if predator was a Disney movie?‚Äù,https://reddit.com/r/moviecritic/comments/1osi6ue/predator_badlands_a_movie_that_asks_us_what_if/,plot discussion,predator: badlands
1ox9ncs,What am I supposed to do after Predator: Badlands?,https://reddit.com/r/Cinema/comments/1ox9ncs/what_am_i_supposed_to_do_after_predator_badlands/,comparison,predator: badlands
1p43e3t,Nuremberg': Russell Crowe Learned German for WWII Thriller,https://reddit.com/r/movies/comments/1p43e3t/nuremberg_russell_crowe_learned_german_for_wwii/,cast & crew,nuremberg
1kd1bvm,Sinners just ok?,https://reddit.com/r/moviecritic/comments/1kd1bvm/sinners_just_ok/,reviews,sinners
1mjlsg7,"I am yet to give a 2025 film five stars, any suggestions? (besides Sinners)",https://reddit.com/r/Letterboxd/comments/1mjlsg7/i_am_yet_to_give_a_2025_film_five_stars_any/,comparison,sinners
1mveirw,Why the 'white-lash' against Sinners?,https://reddit.com/r/moviecritic/comments/1mveirw/why_the_whitelash_against_sinners/,reviews,sinners
1kgv3k1,SINNERS. FINALLY WATCHED IT FOR MYSELF.,https://reddit.com/r/moviecritic/comments/1kgv3k1/sinners_finally_watched_it_for_myself/,reviews,sinners
1kie8rv,"Sinners joins the ""1 Million Club""! The film currently sits at 245 in the Letterboxd Top 250 Narrative Features!",https://reddit.com/r/Letterboxd/comments/1kie8rv/sinners_joins_the_1_million_club_the_film/,box office & industry,sinners
1mj4hqc,Fantastic Four: First Steps,https://reddit.com/r/moviecritic/comments/1mj4hqc/fantastic_four_first_steps/,reviews,fantastic four: first steps
1nzhogl,"Review: ‚ÄúNuremberg‚Äù is mostly compelling, but fizzles into an ordinary courtroom drama",https://reddit.com/r/moviecritic/comments/1nzhogl/review_nuremberg_is_mostly_compelling_but_fizzles/,reviews,nuremberg
1lab1at,Thoughts on Ryan Coogler's Sinners,https://reddit.com/r/FIlm/comments/1lab1at/thoughts_on_ryan_cooglers_sinners/,reviews,sinners
1l2hb1q,"In Sinners (2025), the twins clothing reflect the gangs they joined in Chicago. Stack is wearing a fedora and a pinstripe suit, referencing the Italians who controlled the South Side, while Smoke wears a scalley cap and a tweed suit, referencing the Irish who controlled the North Side.",https://reddit.com/r/MovieDetails/comments/1l2hb1q/in_sinners_2025_the_twins_clothing_reflect_the/,plot discussion,sinners
1lhnmm3,"Russell Crowe, Rami Malek &amp; Michael Shannon World War 2 Film ‚ÄòNuremberg‚Äô Acquired By Sony Pictures Classics, Sets November 7 Theatrical Release Date - Set post-World War II, Nuremberg chronicles the true story of the eponymous trials held by the Allies against the defeated Nazi regime.",https://reddit.com/r/movies/comments/1lhnmm3/russell_crowe_rami_malek_michael_shannon_world/,release & distribution,nuremberg
1ldd58u,Sinners (2025),https://reddit.com/r/flicks/comments/1ldd58u/sinners_2025/,reviews,sinners
1m6im68,The Fantastic Four: First Steps debuted with an 88% rotten tomato score!,https://reddit.com/r/moviecritic/comments/1m6im68/the_fantastic_four_first_steps_debuted_with_an_88/,box office & industry,fantastic four: first steps
1obleyw,‚ÄòWicked: For Good‚Äô Casts Colman Domingo as Cowardly Lion,https://reddit.com/r/movies/comments/1obleyw/wicked_for_good_casts_colman_domingo_as_cowardly/,cast & crew,wicked: for good
1p3bsrn,"Ryan Coogler‚Äôs ‚ÄúSinners‚Äù, More than just a film, It‚Äôs Commentary:Deep dive into Sammy‚Äôs subconscious.",https://reddit.com/r/moviecritic/comments/1p3bsrn/ryan_cooglers_sinners_more_than_just_a_film_its/,plot discussion,sinners
1k9c5iu,Sinners has already been topped,https://reddit.com/r/Letterboxd/comments/1k9c5iu/sinners_has_already_been_topped/,comparison,sinners
1p3g2pq,Wicked For Good is surprising,https://reddit.com/r/FIlm/comments/1p3g2pq/wicked_for_good_is_surprising/,reviews,wicked: for good
1l43p18,Jason Blum on Those Big Budgets for Horror Movies and Why ‚ÄòSinners‚Äô Is the Exception to the Rule,https://reddit.com/r/movies/comments/1l43p18/jason_blum_on_those_big_budgets_for_horror_movies/,production,sinners
1k7y75u,Would you guys want a sequel /prequel/spinoff to Sinners?,https://reddit.com/r/moviecritic/comments/1k7y75u/would_you_guys_want_a_sequel_prequelspinoff_to/,plot discussion,sinners
1kzxq2a,"In my opinion, Jack O'Connell in Sinners was one of the best villain performances I've seen in a while",https://reddit.com/r/Letterboxd/comments/1kzxq2a/in_my_opinion_jack_oconnell_in_sinners_was_one_of/,cast & crew,sinners
1lov6mp,Just watched Sinners and here's my take on it...,https://reddit.com/r/moviecritic/comments/1lov6mp/just_watched_sinners_and_heres_my_take_on_it/,reviews,sinners
1kbkej8,"Sinners, the vampire-musical-period-horror is WILD. A must-watch! ‚òÖ‚òÖ‚òÖ‚òÖ",https://reddit.com/r/moviecritic/comments/1kbkej8/sinners_the_vampiremusicalperiodhorror_is_wild_a/,reviews,sinners
1o0dn23,‚ÄòPredator: Badlands‚Äô to Have PG-13 Rating,https://reddit.com/r/movies/comments/1o0dn23/predator_badlands_to_have_pg13_rating/,release & distribution,predator: badlands
1mhqmqa,"August 1-3 Box Office Recap ‚Äì Despite staying at #1, 'The Fantastic Four: First Steps' collapses 67.2% domestically, the 7th worst drop in the MCU. It also collapses 60% overseas, earning $367M worldwide. 'The Bad Guys 2' and 'The Naked Gun' open solidly with $21.9M and $16.8M, respectively.",https://reddit.com/r/movies/comments/1mhqmqa/august_13_box_office_recap_despite_staying_at_1/,box office & industry,fantastic four: first steps
1k7xwnq,I'm lookin' forward to this more than I am 'Predator: Badlands'.,https://reddit.com/r/Letterboxd/comments/1k7xwnq/im_lookin_forward_to_this_more_than_i_am_predator/,comparison,predator: badlands
1ltbbxp,What do we see in ‚ÄúSinners‚Äù that lets it avoid being labeled a ‚Äúblack movie‚Äù that we don‚Äôt see in something like ‚ÄúStraw‚Äù from Tyler Perry?,https://reddit.com/r/moviecritic/comments/1ltbbxp/what_do_we_see_in_sinners_that_lets_it_avoid/,comparison,sinners
1lo9ueg,‚ÄòSinners‚Äô and ‚ÄòThe Studio‚Äô Among Nominations for  Location Managers Guild International Awards,https://reddit.com/r/movies/comments/1lo9ueg/sinners_and_the_studio_among_nominations_for/,box office & industry,sinners
1kfo6ll,"May 2-4 Box Office Recap: 'Thunderbolts*' debuts with a solid $74.3 million domestically and $160.4 million worldwide. Meanwhile, 'Sinners' crosses $200 million worldwide, while 'A Minecraft Movie' nears $900 million worldwide.",https://reddit.com/r/movies/comments/1kfo6ll/may_24_box_office_recap_thunderbolts_debuts_with/,box office & industry,sinners
1o1c5w7,"Three Years After its Straight-to-Hulu Release, 'Prey' is Coming to Theaters on November 5 for Double Feature with 'Predator: Badlands'",https://reddit.com/r/movies/comments/1o1c5w7/three_years_after_its_straighttohulu_release_prey/,release & distribution,predator: badlands
1o8e7lf,Gotham Film Awards Sets 'Sinners' Cast For Ensemble Tribute (EXCLUSIVE),https://reddit.com/r/movies/comments/1o8e7lf/gotham_film_awards_sets_sinners_cast_for_ensemble/,cast & crew,sinners
1n63zup,"Sinners, Caught Stealing, and the loss of pure adult cinema",https://reddit.com/r/FIlm/comments/1n63zup/sinners_caught_stealing_and_the_loss_of_pure/,reviews,sinners
1oui6dz,I just watch Predator Badlands.,https://reddit.com/r/FIlm/comments/1oui6dz/i_just_watch_predator_badlands/,reviews,predator: badlands
1k9afe7,Is sinners scary?,https://reddit.com/r/Letterboxd/comments/1k9afe7/is_sinners_scary/,plot discussion,sinners
1o1elnd,Official Poster for 'Nuremberg',https://reddit.com/r/movies/comments/1o1elnd/official_poster_for_nuremberg/,release & distribution,nuremberg
1k75q4f,What do you guys see in Sinners,https://reddit.com/r/Letterboxd/comments/1k75q4f/what_do_you_guys_see_in_sinners/,reviews,sinners
1kwscys,Sinners is an OVERRATED horror movie. And everybody who watched it knows it is lowkey. TRU TALK!,https://reddit.com/r/Cinema/comments/1kwscys/sinners_is_an_overrated_horror_movie_and/,reviews,sinners
1l4z3cj,Sinners Movie,https://reddit.com/r/flicks/comments/1l4z3cj/sinners_movie/,cast & crew,sinners
1lzedtf,Sinners - What a mess,https://reddit.com/r/Letterboxd/comments/1lzedtf/sinners_what_a_mess/,reviews,sinners
1os5m3d,Predator Badlands | Disney's Woke Predator Movie?,https://reddit.com/r/moviecritic/comments/1os5m3d/predator_badlands_disneys_woke_predator_movie/,reviews,predator: badlands
1lukzui,Top 5 Vampire Films in Honor of Sinners,https://reddit.com/r/FIlm/comments/1lukzui/top_5_vampire_films_in_honor_of_sinners/,comparison,sinners
1k5gl11,"Ryan Coogler Thanks Fans for Historic ‚ÄòSinners‚Äô Opening, Calls Cinema A Necessary Pillar of Society",https://reddit.com/r/movies/comments/1k5gl11/ryan_coogler_thanks_fans_for_historic_sinners/,box office & industry,sinners
1p3ekur,Predator: Badlands (2025) keeps the beloved franchise alive with a bold and exciting new installment.,https://reddit.com/r/moviecritic/comments/1p3ekur/predator_badlands_2025_keeps_the_beloved/,reviews,predator: badlands
1p6l4w0,‚ÄòOne Battle After Another‚Äô and ‚ÄòSinners‚Äô Return to Imax 70mm Theaters for One Week Starting December 12,https://reddit.com/r/movies/comments/1p6l4w0/one_battle_after_another_and_sinners_return_to/,release & distribution,sinners
1l3ldrh,Sinners thoughts,https://reddit.com/r/Letterboxd/comments/1l3ldrh/sinners_thoughts/,reviews,sinners
1l3ga00,"AMA/Q&amp;A Announcement - Dan Trachtenberg - Thursday 6/5 at 1:00 PM ET - Director of 'Prey', '10 Cloverfield Lane' and the upcoming 'Predator: Killer of Killers' and 'Predator: Badlands' (starring Elle Fanning). He's also directed episodes of 'The Boys', 'Black Mirror', and 'Stranger Things'.",https://reddit.com/r/movies/comments/1l3ga00/amaqa_announcement_dan_trachtenberg_thursday_65/,cast & crew,predator: badlands
1o9c3q8,Predator: Badlands likely to receive an R13 rating here in New Zealand...which is a good thing.,https://reddit.com/r/movies/comments/1o9c3q8/predator_badlands_likely_to_receive_an_r13_rating/,release & distribution,predator: badlands
1mm3lyh,"First Sinners now Weapons, if uninspired schlock horror is all it takes to receive ‚Äúcritical acclaim‚Äù the bar has dropped extremely low",https://reddit.com/r/flicks/comments/1mm3lyh/first_sinners_now_weapons_if_uninspired_schlock/,reviews,sinners
1levass,Ryan Coogler‚Äôs Favorite Movies: 12 Films the ‚ÄòSinners‚Äô Director Wants You to See,https://reddit.com/r/Cinema/comments/1levass/ryan_cooglers_favorite_movies_12_films_the/,cast & crew,sinners
1kgdmoo,Special 'Sinners' Screening Set for Mississippi Movie Location (Clarksdale) That Has No Theater; Town Mayor Says Warner Bros. is Planning to Bring in the Cast for the Screening,https://reddit.com/r/movies/comments/1kgdmoo/special_sinners_screening_set_for_mississippi/,release & distribution,sinners
1luuxdu,"Sinners, Easter Egg and thoughts on Irish Vampire",https://reddit.com/r/flicks/comments/1luuxdu/sinners_easter_egg_and_thoughts_on_irish_vampire/,plot discussion,sinners
1m7lqdo,My no spoilers review for Fantastic Four: First Steps,https://reddit.com/r/Letterboxd/comments/1m7lqdo/my_no_spoilers_review_for_fantastic_four_first/,reviews,fantastic four: first steps
1k62x3f,Official Poster for Dan Trachtenberg's 'Predator: Badlands',https://reddit.com/r/movies/comments/1k62x3f/official_poster_for_dan_trachtenbergs_predator/,release & distribution,predator: badlands
1ltjsom,Finally watched Sinners and I have a big problem with it,https://reddit.com/r/Letterboxd/comments/1ltjsom/finally_watched_sinners_and_i_have_a_big_problem/,reviews,sinners
1p4yufy,Wicked for good - spoilers,https://reddit.com/r/moviecritic/comments/1p4yufy/wicked_for_good_spoilers/,reviews,wicked: for good
1m4s59f,Sinners X Vivaldi,https://reddit.com/r/Cinema/comments/1m4s59f/sinners_x_vivaldi/,production,sinners
1p26gju,Nuremberg (2025),https://reddit.com/r/moviereviews/comments/1p26gju/nuremberg_2025/,reviews,nuremberg
1nqx2ve,Sinners or Weapons?,https://reddit.com/r/Letterboxd/comments/1nqx2ve/sinners_or_weapons/,comparison,sinners
1kc6e9s,"Ryan Coogler's ""Sinners"" (2025) gives much more than is borrowed...",https://reddit.com/r/moviecritic/comments/1kc6e9s/ryan_cooglers_sinners_2025_gives_much_more_than/,reviews,sinners
1k5ccui,Sinners Movie Review by Filmy Fool,https://reddit.com/r/moviecritic/comments/1k5ccui/sinners_movie_review_by_filmy_fool/,reviews,sinners
1kxkc1i,sinners VS karate kid legends,https://reddit.com/r/Letterboxd/comments/1kxkc1i/sinners_vs_karate_kid_legends/,comparison,sinners
1olrt72,Just watched Sinners,https://reddit.com/r/Letterboxd/comments/1olrt72/just_watched_sinners/,reviews,sinners
1otsdh9,"November 7-9 Box Office Recap ‚Äì 'Predator: Badlands' debuts with a great $40M domestically and $79.2M worldwide, the best ever in the franchise. 'Sarah's Oil' and 'Nuremberg' debut solidly with $4.2M and $3.8M. But 'Die My Love' and 'Christy' flop with $2.6M and $1.3M, respectively.",https://reddit.com/r/movies/comments/1otsdh9/november_79_box_office_recap_predator_badlands/,box office & industry,predator: badlands
1ki0d2v,"Music is the backbone of ""Sinners."" A composer explains how the film and Ludwig G√∂ransson‚Äôs score push the boundaries of what music can do in a film.",https://reddit.com/r/movies/comments/1ki0d2v/music_is_the_backbone_of_sinners_a_composer/,production,sinners
1p0uq9v,My opinion on Predator: Badlands,https://reddit.com/r/moviecritic/comments/1p0uq9v/my_opinion_on_predator_badlands/,reviews,predator: badlands
1l571ze,Is sinners the movie or final destination the movie better?,https://reddit.com/r/FIlm/comments/1l571ze/is_sinners_the_movie_or_final_destination_the/,comparison,sinners
1nw5vdd,Sinners was awesome,https://reddit.com/r/moviecritic/comments/1nw5vdd/sinners_was_awesome/,reviews,sinners
1khz16g,Got my Sinners poster in the mail today! I can't wait to own it on 4K! (Preferably in steelbook.),https://reddit.com/r/moviecritic/comments/1khz16g/got_my_sinners_poster_in_the_mail_today_i_cant/,release & distribution,sinners
1ng6lpu,"Michael Shannon on Finally Getting His Big Courtroom Drama with ‚ÄòNuremberg,‚Äô His Next R.E.M. Tour, and Playing Bill Parcells",https://reddit.com/r/movies/comments/1ng6lpu/michael_shannon_on_finally_getting_his_big/,cast & crew,nuremberg
1l3goxu,"Is ""Sinners"" just a pretty basic, simple vampire movie in action moments?",https://reddit.com/r/flicks/comments/1l3goxu/is_sinners_just_a_pretty_basic_simple_vampire/,reviews,sinners
1oqusfe,Nuremberg Review (2025): A Courtroom Drama Too Afraid to Pass Judgment,https://reddit.com/r/moviereviews/comments/1oqusfe/nuremberg_review_2025_a_courtroom_drama_too/,reviews,nuremberg
1kwng87,"Question about a scene in the movie ""SINNERS"" (spoilers)",https://reddit.com/r/flicks/comments/1kwng87/question_about_a_scene_in_the_movie_sinners/,plot discussion,sinners
1m6kvrb,Sinners and Bless me √öltima follow a similar narrative structure,https://reddit.com/r/Letterboxd/comments/1m6kvrb/sinners_and_bless_me_√∫ltima_follow_a_similar/,comparison,sinners
1ks8f2y,"Blood, Blues, and Burning Churches: Sinners Is a Visionary American Nightmare",https://reddit.com/r/moviecritic/comments/1ks8f2y/blood_blues_and_burning_churches_sinners_is_a/,reviews,sinners
1m8b3p2,The Fantastic Four: First Steps (2025),https://reddit.com/r/moviecritic/comments/1m8b3p2/the_fantastic_four_first_steps_2025/,reviews,fantastic four: first steps
1nrxa4p,I was incredibly disappointed with Sinners after hearing how good it was. It‚Äôs not even close to elite.,https://reddit.com/r/movies/comments/1nrxa4p/i_was_incredibly_disappointed_with_sinners_after/,reviews,sinners
1khwhw5,Sinners Ending Explained | Movie Review,https://reddit.com/r/moviecritic/comments/1khwhw5/sinners_ending_explained_movie_review/,plot discussion,sinners
1kd12nw,Sinners is just ok.,https://reddit.com/r/flicks/comments/1kd12nw/sinners_is_just_ok/,reviews,sinners
1oodexl,"To celebrate the release of Predator Badlands this Friday, what's everyone's favorite Predator movie?",https://reddit.com/r/FIlm/comments/1oodexl/to_celebrate_the_release_of_predator_badlands/,comparison,predator: badlands
1op7jwn,NUREMBERG | Official Trailer #1 (2025) This Friday,https://reddit.com/r/movies/comments/1op7jwn/nuremberg_official_trailer_1_2025_this_friday/,release & distribution,nuremberg
1n1yj61,Official Poster for indie romcom ‚ÄòMIDDLE LIFE‚Äô starring musician Peter Dreimanis from SINNERS and the Canadian band July Talk,https://reddit.com/r/movies/comments/1n1yj61/official_poster_for_indie_romcom_middle_life/,release & distribution,sinners
1mhsj16,"Fourth time's the charm for ""The Fantastic Four: First Steps"" (2025)...",https://reddit.com/r/moviecritic/comments/1mhsj16/fourth_times_the_charm_for_the_fantastic_four/,reviews,fantastic four: first steps
1lutmw5,"The Best Horror Movies of 2025 So Far, Ranked: ‚ÄòSinners,‚Äô ‚ÄòFinal Destination Bloodlines,‚Äô ‚Äô28 Years Later‚Äô and More",https://reddit.com/r/movies/comments/1lutmw5/the_best_horror_movies_of_2025_so_far_ranked/,comparison,sinners
1n04kd3,Sinners,https://reddit.com/r/Letterboxd/comments/1n04kd3/sinners/,reviews,sinners
1os5lfc,Predator Badlands | Disney's Woke Predator Movie?,https://reddit.com/r/moviecritic/comments/1os5lfc/predator_badlands_disneys_woke_predator_movie/,reviews,predator: badlands
1p2njr5,Official Discussion - Wicked: For Good [SPOILERS],https://reddit.com/r/movies/comments/1p2njr5/official_discussion_wicked_for_good_spoilers/,reviews,wicked: for good
1kccih5,Ryan Coogler‚Äôs ‚ÄòSinners‚Äô Gets 70mm IMAX Re-Release on May 15,https://reddit.com/r/movies/comments/1kccih5/ryan_cooglers_sinners_gets_70mm_imax_rerelease_on/,release & distribution,sinners
1oqj2z9,Predator Badlands - Honest Interview with Dan Trachtenberg,https://reddit.com/r/movies/comments/1oqj2z9/predator_badlands_honest_interview_with_dan/,cast & crew,predator: badlands
1kzcfi7,Sinners finally comes home to Clarksdale: a three-day festival premieres the film in its home town,https://reddit.com/r/movies/comments/1kzcfi7/sinners_finally_comes_home_to_clarksdale_a/,release & distribution,sinners
1kcgt1t,Things I just don‚Äôt understand about Sinners,https://reddit.com/r/moviecritic/comments/1kcgt1t/things_i_just_dont_understand_about_sinners/,plot discussion,sinners
1kgwobx,Sinners IMAX 70mm - is it worth it?,https://reddit.com/r/FIlm/comments/1kgwobx/sinners_imax_70mm_is_it_worth_it/,release & distribution,sinners
1m3s2te,"A thought/question on the movie, Sinners",https://reddit.com/r/flicks/comments/1m3s2te/a_thoughtquestion_on_the_movie_sinners/,plot discussion,sinners
1ka8e8s,Sinners Review: The Sinners That Made and Rule This Country Will Never Allow a Better World,https://reddit.com/r/moviecritic/comments/1ka8e8s/sinners_review_the_sinners_that_made_and_rule/,reviews,sinners
1p5acn5,The three major reasons why Wicked: For Good has got such worse reviews than the first film,https://reddit.com/r/moviecritic/comments/1p5acn5/the_three_major_reasons_why_wicked_for_good_has/,comparison,wicked: for good
1p47ww7,Wicked: For Good fumbles its way down the yellow brick road,https://reddit.com/r/moviereviews/comments/1p47ww7/wicked_for_good_fumbles_its_way_down_the_yellow/,comparison,wicked: for good
1oc670a,Sinners Returning To IMAX Theaters With The Most Perfect Re-Release,https://reddit.com/r/Letterboxd/comments/1oc670a/sinners_returning_to_imax_theaters_with_the_most/,release & distribution,sinners
1mffwmb,You guys liked Sinners?,https://reddit.com/r/Cinema/comments/1mffwmb/you_guys_liked_sinners/,reviews,sinners
1l2mvff,New Poster for 'The Fantastic Four: First Steps',https://reddit.com/r/movies/comments/1l2mvff/new_poster_for_the_fantastic_four_first_steps/,release & distribution,fantastic four: first steps
1mx79ok,Sinners vampire question,https://reddit.com/r/Letterboxd/comments/1mx79ok/sinners_vampire_question/,plot discussion,sinners
1kebwxg,"Mississippi city where 'Sinners' is set has no movie theater, calls on cast to visit",https://reddit.com/r/Letterboxd/comments/1kebwxg/mississippi_city_where_sinners_is_set_has_no/,release & distribution,sinners
1kf73d4,Sinners,https://reddit.com/r/Letterboxd/comments/1kf73d4/sinners/,reviews,sinners
1kzxstm,the problem with becoming a vampire in the movie sinners (theory),https://reddit.com/r/moviecritic/comments/1kzxstm/the_problem_with_becoming_a_vampire_in_the_movie/,plot discussion,sinners
1lepn3p,New Image of Russell Crowe as Hermann Goring in James Vanderbilt's 'Nuremberg' - Chronicles the true story of the eponymous trials held by the Allies against the defeated Nazi regime.,https://reddit.com/r/movies/comments/1lepn3p/new_image_of_russell_crowe_as_hermann_goring_in/,production,nuremberg
1k7n1zu,Fun Fact: three actors from Sinners also acted in Nickel Boys.,https://reddit.com/r/Letterboxd/comments/1k7n1zu/fun_fact_three_actors_from_sinners_also_acted_in/,cast & crew,sinners
1oplnj5,"In ‚ÄòWicked: For Good,‚Äô Ariana Grande Solidifies Herself as a Dramatic Actress",https://reddit.com/r/movies/comments/1oplnj5/in_wicked_for_good_ariana_grande_solidifies/,cast & crew,wicked: for good
1k90fgt,Ryan Coogler made the only film to ever make me cry ‚Äî bring on Sinners,https://reddit.com/r/Letterboxd/comments/1k90fgt/ryan_coogler_made_the_only_film_to_ever_make_me/,reviews,sinners
1kmxmbp,Watched Sinners and got a question,https://reddit.com/r/Letterboxd/comments/1kmxmbp/watched_sinners_and_got_a_question/,plot discussion,sinners
1mvrouv,Are the financial success of Sinners and Weapons flukes? Or are they a signal that original auteur-driven films are making a comeback? Or this is only a thing for horror movies?,https://reddit.com/r/FIlm/comments/1mvrouv/are_the_financial_success_of_sinners_and_weapons/,box office & industry,sinners
1l8axwi,Sinners,https://reddit.com/r/moviereviews/comments/1l8axwi/sinners/,reviews,sinners
1opx9si,The Fantastic Four (1994) Cameos in Marvel Studios‚Äô The Fantastic Four: First Steps | Featurette,https://reddit.com/r/movies/comments/1opx9si/the_fantastic_four_1994_cameos_in_marvel_studios/,cast & crew,fantastic four: first steps
1p5qw8k,‚ÄòWicked: For Good‚Äô: Designing Elphaba‚Äôs mysterious anime-inspired Kiamo Ko castle lair,https://reddit.com/r/movies/comments/1p5qw8k/wicked_for_good_designing_elphabas_mysterious/,production,wicked: for good
1npb35g,New ‚ÄúWicked: For Good‚Äù Poster,https://reddit.com/r/movies/comments/1npb35g/new_wicked_for_good_poster/,release & distribution,wicked: for good
1p0wqrj,I only have time to watch one new movie a year. Should I watch Sinners or One Battle After Another?,https://reddit.com/r/Letterboxd/comments/1p0wqrj/i_only_have_time_to_watch_one_new_movie_a_year/,comparison,sinners
1koeiji,"Neither audience nor critics ratings can be trusted anymore, people called Sinners a ‚Äúmasterpiece‚Äù lmao üòÇ the movie sucked ass. Now I‚Äôm worried even MI8 will blow.",https://reddit.com/r/moviecritic/comments/1koeiji/neither_audience_nor_critics_ratings_can_be/,reviews,sinners
1n44voe,"Rank these four original genre films from this decade from best to least best and give your reasoning. Tenet, Nope, Everything Everywhere All At Once &amp; Sinners.",https://reddit.com/r/Letterboxd/comments/1n44voe/rank_these_four_original_genre_films_from_this/,comparison,sinners
1ktxzx6,Sinners Question?,https://reddit.com/r/moviecritic/comments/1ktxzx6/sinners_question/,plot discussion,sinners
1oeliei,‚ÄòSinners‚Äô Cinematographer Autumn Durald Arkapaw on Shooting Jack O‚ÄôConnell‚Äôs Grand Entrance During Magic Hour and Filming on Ultra Panavision 70mm Film,https://reddit.com/r/movies/comments/1oeliei/sinners_cinematographer_autumn_durald_arkapaw_on/,production,sinners
1oadis1,People who liked sinners. Why?,https://reddit.com/r/Cinema/comments/1oadis1/people_who_liked_sinners_why/,reviews,sinners
1lc5q2z,Sinners 2025,https://reddit.com/r/flicks/comments/1lc5q2z/sinners_2025/,plot discussion,sinners
1mjr839,Saw this a couple of nights ago‚Ä¶ what‚Äôs the consensus? Sinners 2025,https://reddit.com/r/moviecritic/comments/1mjr839/saw_this_a_couple_of_nights_ago_whats_the/,reviews,sinners
1oyd1ey,"James Vanderbilt's ""Nuremberg"" was very good!",https://reddit.com/r/movies/comments/1oyd1ey/james_vanderbilts_nuremberg_was_very_good/,reviews,nuremberg
1l8shqq,"Just Finished Watching Sinners, Decent Movie, but Overhyped",https://reddit.com/r/flicks/comments/1l8shqq/just_finished_watching_sinners_decent_movie_but/,reviews,sinners
1kav79b,Is Sinners really the best movie of the year?,https://reddit.com/r/flicks/comments/1kav79b/is_sinners_really_the_best_movie_of_the_year/,reviews,sinners
1op4y4q,"Hey r/movies, Dan Trachtenberg here - my new film, PREDATOR: BADLANDS (starring Elle Fanning), is coming to a theater near you this Friday (11/7). I've also directed PREY, PREDATOR: KILLER OF KILLERS, and 10 CLOVERFIELD LANE. Ask Me Anything!",https://reddit.com/r/movies/comments/1op4y4q/hey_rmovies_dan_trachtenberg_here_my_new_film/,cast & crew,predator: badlands
1oqjexr,Official Discussion - Predator: Badlands [SPOILERS],https://reddit.com/r/movies/comments/1oqjexr/official_discussion_predator_badlands_spoilers/,reviews,predator: badlands
1ngz0ky,Sinners (2025) ‚Äî Ryan Coogler‚Äôs first flop and a masterclass in wasting my time,https://reddit.com/r/Cinema/comments/1ngz0ky/sinners_2025_ryan_cooglers_first_flop_and_a/,reviews,sinners
1nbpylr,"For the first time since its release, Sinners has left the ""Popular this week"" section on the home page",https://reddit.com/r/Letterboxd/comments/1nbpylr/for_the_first_time_since_its_release_sinners_has/,box office & industry,sinners
1l36oe1,SPOILER ALERT FOR 'SINNERS' (2025),https://reddit.com/r/FIlm/comments/1l36oe1/spoiler_alert_for_sinners_2025/,plot discussion,sinners
1o1gth3,"Actors Miles Caton, Hailee Steinfeld, Wunmi Mosaku, and Jayme Lawson Discuss ‚ÄòSinners‚Äô",https://reddit.com/r/movies/comments/1o1gth3/actors_miles_caton_hailee_steinfeld_wunmi_mosaku/,cast & crew,sinners
1o30i3h,"Two of the best scores/soundtracks of the year, Tron: Ares by Nine Inch Nails and Sinners by Ludwig G√∂ransson. Which one do you think is the best, and which one has a chance of winning the Oscar?",https://reddit.com/r/Letterboxd/comments/1o30i3h/two_of_the_best_scoressoundtracks_of_the_year/,comparison,sinners
1kgvnq0,Sinners,https://reddit.com/r/moviereviews/comments/1kgvnq0/sinners/,reviews,sinners
1n714ap,Sinners‚Ä¶,https://reddit.com/r/moviecritic/comments/1n714ap/sinners/,reviews,sinners
1ntuehm,"What‚Äôs a role that changed your opinion on an actor/actress? (Image - Michael B. Jordan, Sinners)",https://reddit.com/r/moviecritic/comments/1ntuehm/whats_a_role_that_changed_your_opinion_on_an/,cast & crew,sinners
1md5o2z,"My co-worker‚Äôs favourite films of the decade so far. Make your case for which of these is the best and which is the least best. Babylon, The Green Knight, Sinners, Tenet, Killers Of The Flower Moon &amp; Poor Things.",https://reddit.com/r/Letterboxd/comments/1md5o2z/my_coworkers_favourite_films_of_the_decade_so_far/,comparison,sinners
1koim6k,Sinners Plot Hole? [SPOILERS],https://reddit.com/r/flicks/comments/1koim6k/sinners_plot_hole_spoilers/,plot discussion,sinners
1nxzy6h,Sinners' Breakout Star Miles Caton to Receive Rising Star Award at SCAD Savannah Film Festival,https://reddit.com/r/movies/comments/1nxzy6h/sinners_breakout_star_miles_caton_to_receive/,cast & crew,sinners
1m9fih4,New Poster for Dan Trachtenberg's 'Predator: Badlands',https://reddit.com/r/movies/comments/1m9fih4/new_poster_for_dan_trachtenbergs_predator_badlands/,release & distribution,predator: badlands
1ou0ios,Predator Badlands is great | Film Review,https://reddit.com/r/FIlm/comments/1ou0ios/predator_badlands_is_great_film_review/,reviews,predator: badlands
1kbdg6i,Saw Sinners Last Night and this is all of could think of,https://reddit.com/r/Letterboxd/comments/1kbdg6i/saw_sinners_last_night_and_this_is_all_of_could/,reviews,sinners
1p34imt,"‚ÄúWicked: For Good‚Äù directed by Jon M. Chu, starring Cynthia Erivo, Ariana Grande-Butera, Jeff Goldblum, Jonathan Bailey",https://reddit.com/r/moviecritic/comments/1p34imt/wicked_for_good_directed_by_jon_m_chu_starring/,comparison,wicked: for good
1loh2lq,Sinners | Black American Sign Language Official Trailer | Max,https://reddit.com/r/movies/comments/1loh2lq/sinners_black_american_sign_language_official/,release & distribution,sinners
1p0crpj,"Hey /r/movies, I‚Äôm Sarah Schachner, composer of PREDATOR: BADLANDS (in theaters now). I‚Äôve also scored PREY and many video games in the Assassin's Creed and Call of Duty series. Ask me anything!",https://reddit.com/r/movies/comments/1p0crpj/hey_rmovies_im_sarah_schachner_composer_of/,cast & crew,predator: badlands
1manpvn,Fantastic Four: First Steps ‚Äî Marvel‚Äôs True Return to Form,https://reddit.com/r/moviereviews/comments/1manpvn/fantastic_four_first_steps_marvels_true_return_to/,reviews,fantastic four: first steps
1nowyxv,Sinners (2025),https://reddit.com/r/moviereviews/comments/1nowyxv/sinners_2025/,reviews,sinners
1obq7vu,What are your expectations of PREDATOR BADLANDS?,https://reddit.com/r/movies/comments/1obq7vu/what_are_your_expectations_of_predator_badlands/,plot discussion,predator: badlands
1mgsqjw,"What do you guys think about these six films? Heaven‚Äôs Gate, The Untouchables, Rosewood, Angel Heart, Sinners &amp; Tombstone. As a non-American seeing these films recently has made so interested in American history.",https://reddit.com/r/Letterboxd/comments/1mgsqjw/what_do_you_guys_think_about_these_six_films/,comparison,sinners
1m48tuf,Sinners highlights the battles we all face when determining what's good and bad,https://reddit.com/r/moviecritic/comments/1m48tuf/sinners_highlights_the_battles_we_all_face_when/,plot discussion,sinners
1m8n0ic,Official Discussion - The Fantastic Four: First Steps [SPOILERS],https://reddit.com/r/movies/comments/1m8n0ic/official_discussion_the_fantastic_four_first/,reviews,fantastic four: first steps
1m2fm7i,Sinners (2025) Spoiler Review - Movie of the Year?,https://reddit.com/r/Cinema/comments/1m2fm7i/sinners_2025_spoiler_review_movie_of_the_year/,reviews,sinners
1k8cjse,"Ryan Coogler channeled the things that terrify him into his new movie, ‚ÄúSinners,‚Äù by David Sims",https://reddit.com/r/movies/comments/1k8cjse/ryan_coogler_channeled_the_things_that_terrify/,production,sinners
1p592wa,"""Wicked: For Good"" Review ‚Äî Not Good Enough",https://reddit.com/r/Cinema/comments/1p592wa/wicked_for_good_review_not_good_enough/,reviews,wicked: for good
1ki53dw,Honest thoughts about Sinners...,https://reddit.com/r/moviecritic/comments/1ki53dw/honest_thoughts_about_sinners/,reviews,sinners
1lgc8jr,‚ÄòSinners‚Äô Sets Max Streaming Release Date - July 4,https://reddit.com/r/movies/comments/1lgc8jr/sinners_sets_max_streaming_release_date_july_4/,release & distribution,sinners
1l3pzou,7 deadly sins in Sinners (2025),https://reddit.com/r/FIlm/comments/1l3pzou/7_deadly_sins_in_sinners_2025/,plot discussion,sinners
1ka8e41,"April 25-27 Box Office Recap: 'Sinners' stays on #1 with $45.7 million. That's a phenomenal 4.8% drop from last week, one of the greatest drops for a horror film. 'Revenge of the Sith' surprises with $25.4 million, finishing on second place. 'The Accountant 2' and 'Until Dawn' deliver mixed results.",https://reddit.com/r/movies/comments/1ka8e41/april_2527_box_office_recap_sinners_stays_on_1/,box office & industry,sinners
1m1ikwz,Sinners is an example of GREAT Writing,https://reddit.com/r/flicks/comments/1m1ikwz/sinners_is_an_example_of_great_writing/,reviews,sinners
1mhloee,Movie from 2025 with this level of Scriptwriting? For Me its its Sinners,https://reddit.com/r/moviecritic/comments/1mhloee/movie_from_2025_with_this_level_of_scriptwriting/,comparison,sinners
1nosejb,Visuals of The Fantastic Four: First Steps,https://reddit.com/r/FIlm/comments/1nosejb/visuals_of_the_fantastic_four_first_steps/,production,fantastic four: first steps
1kpug7s,Sinners film stereotype ***spoilers***,https://reddit.com/r/moviecritic/comments/1kpug7s/sinners_film_stereotype_spoilers/,plot discussion,sinners
1ovrz8x,Nuremberg (2000) vs. Nuremberg (2025),https://reddit.com/r/movies/comments/1ovrz8x/nuremberg_2000_vs_nuremberg_2025/,comparison,nuremberg
1k68xmh,Sinners film review,https://reddit.com/r/moviecritic/comments/1k68xmh/sinners_film_review/,reviews,sinners
1mesl06,The Fantastic Four: First Steps (2025),https://reddit.com/r/moviereviews/comments/1mesl06/the_fantastic_four_first_steps_2025/,reviews,fantastic four: first steps
1oq4oli,"Oscar-winning costume designer Ruth E. Carter decodes the 'red, white, and blue' color palette of ‚ÄòSinners‚Äô:",https://reddit.com/r/movies/comments/1oq4oli/oscarwinning_costume_designer_ruth_e_carter/,production,sinners
1kd42id,New Character Posters for 'The Fantastic Four: First Steps',https://reddit.com/r/movies/comments/1kd42id/new_character_posters_for_the_fantastic_four/,release & distribution,fantastic four: first steps
1kg7msl,Did sinners rip off From Dusk til Dawn? Or did they pay homage to it?,https://reddit.com/r/moviecritic/comments/1kg7msl/did_sinners_rip_off_from_dusk_til_dawn_or_did/,comparison,sinners
1l2up9o,"In the movie Sinners (2025), Smoke is unable to role his own cigarettes and it‚Äôs why he smokes a pipe when not with his brother.",https://reddit.com/r/MovieDetails/comments/1l2up9o/in_the_movie_sinners_2025_smoke_is_unable_to_role/,plot discussion,sinners
1osjsej,Hey everyone. Has anyone seen Predator: Badlands yet? Your thoughts?,https://reddit.com/r/Letterboxd/comments/1osjsej/hey_everyone_has_anyone_seen_predator_badlands/,reviews,predator: badlands
1mhlpwp,Movie from 2025 with this level of Scriptwriting? For Me its its Sinners,https://reddit.com/r/FIlm/comments/1mhlpwp/movie_from_2025_with_this_level_of_scriptwriting/,comparison,sinners
1l4d1d2,Talking about Ryan Coogler's Sinners and Robert Eggers' Nosferatu. Analyzing their great similarities and their great differences.,https://reddit.com/r/Letterboxd/comments/1l4d1d2/talking_about_ryan_cooglers_sinners_and_robert/,comparison,sinners
1oswxnp,"With ‚ÄòPredator: Badlands,‚Äô Dan Trachtenberg Continues to Breathe Life into the ‚ÄòPredator‚Äô Franchise ‚Äì  Spoiler Free ‚ÄòPredator: Badlands‚Äô Review",https://reddit.com/r/Cinema/comments/1oswxnp/with_predator_badlands_dan_trachtenberg_continues/,reviews,predator: badlands
1oy48l1,"Sterilization victim testimony scene excerpt - Judgment at Nuremberg (1961, dir. Stanley Kramer) featuring Montgomery Clift's incredible performance",https://reddit.com/r/movies/comments/1oy48l1/sterilization_victim_testimony_scene_excerpt/,release & distribution,nuremberg
1nrvk9p,"With ""Sinners"" and a blockbuster that came out, Warner Bros is returning to its roots.",https://reddit.com/r/movies/comments/1nrvk9p/with_sinners_and_a_blockbuster_that_came_out/,box office & industry,sinners
1oznhg1,Cynthia Erivo and Ariana Grande talked the emotional ‚ÄòWicked: For Good‚Äô goodbye scene at the film's FYC event:,https://reddit.com/r/movies/comments/1oznhg1/cynthia_erivo_and_ariana_grande_talked_the/,cast & crew,wicked: for good
1kkncc4,Sinners Annie question,https://reddit.com/r/FIlm/comments/1kkncc4/sinners_annie_question/,plot discussion,sinners
1nnom4k,Predator: Badlands' Director Dan Trachtenberg Wanted To Make Something That Hadn‚Äôt Existed Before (New Image),https://reddit.com/r/movies/comments/1nnom4k/predator_badlands_director_dan_trachtenberg/,production,predator: badlands
1kzcpy5,"‚Äò28 Years Later‚Äô tops Best Trailer of the year at Golden Trailer Awards, 'Severance' was the top TV show, while 'Wicked' and 'Sinners' won 4 awards each",https://reddit.com/r/movies/comments/1kzcpy5/28_years_later_tops_best_trailer_of_the_year_at/,box office & industry,wicked: for good
1oqk2ik,"Official Discussion Megathread (Predator: Badlands / Die, My Love / Christy / Nuremberg) plus throwbacks",https://reddit.com/r/movies/comments/1oqk2ik/official_discussion_megathread_predator_badlands/,reviews,nuremberg