topic,term,score,rank
box office & industry,million,0.8750847870505517,1
box office & industry,weekend,0.17250053532981488,2
box office & industry,worldwide,0.1319121740757408,3
box office & industry,debut,0.1250121124357931,4
box office & industry,total,0.1250121124357931,5
box office & industry,earned,0.12355249227112396,6
box office & industry,drop,0.09961902709727262,7
box office & industry,domestic,0.08008588452917996,8
box office & industry,office,0.055084204559100555,9
box office & industry,audience,0.055084204559100555,10
box office & industry,box,0.055084204559100555,11
box office & industry,uk,0.052739484933850216,12
box office & industry,dropped,0.051758476491957334,13
box office & industry,great,0.050791813510094146,14
box office & industry,mexico,0.05078617067704095,15
cast & crew,boys,0.22194925186913442,1
cast & crew,actor,0.1882422036903044,2
cast & crew,killer,0.16471192822901634,3
cast & crew,ask,0.16471192822901634,4
cast & crew,11,0.16471192822901634,5
cast & crew,www,0.16471192822901634,6
cast & crew,star,0.16261273957066716,7
cast & crew,assassin,0.1585351799065246,8
cast & crew,duty,0.1585351799065246,9
cast & crew,sarah,0.1585351799065246,10
cast & crew,warfare,0.1585351799065246,11
cast & crew,killers,0.14428304317064597,12
cast & crew,youtube,0.1411816527677283,13
cast & crew,questions,0.13551061630888928,14
cast & crew,announcement,0.13551061630888928,15
comparison,say,0.1686302434970305,1
comparison,lot,0.14989354977513825,2
comparison,want,0.1405252029141921,3
comparison,oz,0.1355007532900463,4
comparison,wizard,0.1355007532900463,5
comparison,better,0.13115685605324598,6
comparison,love,0.13115685605324598,7
comparison,don,0.1217885091922998,8
comparison,vampire,0.11242016233135367,9
comparison,feel,0.11242016233135367,10
comparison,act,0.11086425269185607,11
comparison,great,0.10305181547040754,12
comparison,having,0.09625321158243798,13
comparison,second,0.0936834686094614,14
comparison,goldblum,0.08646744058114977,15
plot discussion,vampires,0.34799555286626194,1
plot discussion,stack,0.29978876945332317,2
plot discussion,remmick,0.26034287873578066,3
plot discussion,vampire,0.22199716303537398,4
plot discussion,smoke,0.18493504709377048,5
plot discussion,sammie,0.18145109730069559,6
plot discussion,irish,0.1780856009051123,7
plot discussion,music,0.11999846650560755,8
plot discussion,ireland,0.11044849400911906,9
plot discussion,question,0.10959113901853065,10
plot discussion,juke,0.10274169282987249,11
plot discussion,joint,0.09467013772210205,12
plot discussion,want,0.0839989265539253,13
plot discussion,don,0.0839989265539253,14
plot discussion,sammy,0.07889178143508505,15
production,music,0.2983481810621874,1
production,soundtrack,0.1702954938656655,2
production,score,0.1702954938656655,3
production,old,0.1491740905310937,4
production,totally,0.14710950175442472,5
production,ludwig,0.14710950175442472,6
production,image,0.12772162039924911,7
production,use,0.12772162039924911,8
production,test,0.11473655207173623,9
production,screenings,0.11473655207173623,10
production,digging,0.11473655207173623,11
production,masterful,0.11473655207173623,12
production,pale,0.11473655207173623,13
production,actually,0.11188056789832027,14
production,gÃ¶ransson,0.09807300116961648,15
release & distribution,official,0.43463110453140263,1
release & distribution,poster,0.41048493205743586,2
release & distribution,rating,0.23060285446138634,3
release & distribution,pg,0.14487703484380088,4
release & distribution,13,0.14487703484380088,5
release & distribution,price,0.12073086236983406,6
release & distribution,70mm,0.11299536232610842,7
release & distribution,teaser,0.11299536232610842,8
release & distribution,blood,0.10481947930063015,9
release & distribution,experience,0.10481947930063015,10
release & distribution,twist,0.09658468989586726,11
release & distribution,lot,0.09181893272495369,12
release & distribution,featuring,0.08474652174458132,13
release & distribution,november,0.08385558344050412,14
release & distribution,kind,0.08385558344050412,15
reviews,review,0.21502147697180501,1
reviews,vampires,0.19368346780666404,2
reviews,music,0.1723454586415231,3
reviews,comments,0.17169507961702765,4
reviews,great,0.16577991735994127,5
reviews,felt,0.15970860900392392,6
reviews,feel,0.1493660641559867,7
reviews,vampire,0.14772467883559123,8
reviews,character,0.13131082563163665,9
reviews,reddit,0.12179617773940299,10
reviews,don,0.11817974306847298,11
reviews,www,0.11617481568989206,12
reviews,feels,0.11242724099021814,13
reviews,old,0.1017658898645184,14
reviews,love,0.0902761926217502,15